id,gender,age,study_year,program,employment_status,average_grade,daily_screen_time_hours,social_media_hours,sleep_hours,exercise_days_week,pss_1_overwhelmed,pss_2_control_reverse,pss_3_nervous,pss_4_confident_reverse,ds_1_notifications,ds_2_pressure_reply,ds_3_information_overload,ds_4_multitasking,ds_5_sleep_disruption,ds_6_online_comparison,ams_1_enjoy_learning,ams_2_effort,ams_3_career_relevance,ams_4_persistence,ams_5_interest,who_1_cheerful,who_2_calm,who_3_active,who_4_rested,who_5_interested,ea_1_worry,ea_2_tension,ea_3_avoidance,ea_4_concentration_difficulty,academic_satisfaction,research_methods_confidence,help_seeking_intention,perceived_stress_score,digital_stress_score,academic_motivation_score,wellbeing_score,exam_anxiety_score
1,Female,24,2,Psychology,Not employed,9.15,6.6,2.5,6.5,4,3.0,3.0,2.0,2.0,2.0,2.0,3.0,3.0,2.0,3.0,4.0,5.0,5.0,5.0,5.0,4.0,5.0,5.0,5.0,5.0,2.0,3.0,1.0,2.0,5.0,3.0,4.0,3.0,2.5,4.8,4.8,2.0
2,Female,21,5,Psychology,Not employed,7.35,4.4,4.3,7.4,2,4.0,3.0,5.0,2.0,3.0,3.0,3.0,2.0,3.0,2.0,3.0,2.0,3.0,2.0,3.0,1.0,2.0,3.0,1.0,3.0,5.0,5.0,4.0,5.0,3.0,4.0,2.0,4.0,2.6666666666666665,2.6,2.0,4.75
3,Male,19,1,Psychology,Not employed,8.18,5.1,3.5,6.6,4,2.0,3.0,2.0,3.0,3.0,4.0,4.0,3.0,2.0,4.0,2.0,3.0,,2.0,3.0,3.0,2.0,3.0,2.0,1.0,2.0,2.0,2.0,2.0,3.0,2.0,2.0,2.5,3.3333333333333335,2.5,2.2,2.0
4,Prefer not to say,23,5,Applied Psychology,Not employed,8.14,5.8,3.4,7.3,2,4.0,2.0,4.0,2.0,4.0,4.0,3.0,5.0,4.0,3.0,1.0,4.0,3.0,3.0,2.0,3.0,2.0,2.0,3.0,2.0,2.0,3.0,4.0,3.0,3.0,4.0,4.0,4.0,3.8333333333333335,2.6,2.4,3.0
5,Female,20,5,Applied Psychology,Part-time,7.5,8.1,3.7,5.8,0,5.0,3.0,5.0,3.0,5.0,4.0,4.0,5.0,5.0,5.0,1.0,3.0,2.0,2.0,2.0,3.0,3.0,2.0,3.0,2.0,4.0,5.0,5.0,4.0,2.0,2.0,2.0,4.0,4.666666666666667,2.0,2.6,4.5
6,Female,20,1,Applied Psychology,Full-time,8.23,4.7,3.2,7.4,3,1.0,3.0,2.0,4.0,3.0,1.0,1.0,1.0,2.0,1.0,3.0,4.0,2.0,2.0,2.0,4.0,4.0,4.0,5.0,3.0,3.0,5.0,5.0,2.0,5.0,2.0,2.0,2.0,1.5,2.6,4.0,3.75
7,Female,25,3,Applied Psychology,Part-time,8.23,5.4,4.4,6.9,3,2.0,4.0,2.0,4.0,4.0,,4.0,2.0,4.0,3.0,3.0,3.0,2.0,3.0,3.0,4.0,5.0,3.0,4.0,3.0,1.0,2.0,1.0,1.0,3.0,3.0,3.0,2.0,3.4,2.8,3.8,1.25
8,Male,18,2,Psychology,Not employed,8.02,5.9,4.0,7.0,3,2.0,3.0,3.0,3.0,3.0,4.0,4.0,4.0,3.0,4.0,3.0,2.0,4.0,2.0,3.0,2.0,4.0,4.0,3.0,3.0,3.0,4.0,3.0,4.0,3.0,3.0,4.0,2.75,3.6666666666666665,2.8,3.2,3.5
9,Prefer not to say,22,4,Applied Psychology,Not employed,8.38,5.5,1.4,8.3,3,3.0,4.0,2.0,4.0,1.0,1.0,1.0,1.0,1.0,2.0,2.0,5.0,4.0,4.0,4.0,3.0,2.0,3.0,3.0,4.0,3.0,3.0,1.0,1.0,3.0,3.0,5.0,2.25,1.1666666666666667,3.8,3.0,2.0
10,Male,18,3,Psychology,Not employed,8.4,4.7,1.6,6.9,3,4.0,3.0,4.0,,5.0,4.0,4.0,4.0,4.0,4.0,5.0,4.0,5.0,4.0,4.0,3.0,3.0,4.0,5.0,2.0,3.0,3.0,2.0,2.0,3.0,2.0,3.0,3.6666666666666665,4.166666666666667,4.4,3.4,2.5
11,Female,20,3,Applied Psychology,Not employed,7.07,6.9,4.9,6.6,1,4.0,3.0,4.0,2.0,5.0,4.0,3.0,5.0,5.0,4.0,3.0,3.0,2.0,1.0,3.0,2.0,3.0,2.0,2.0,3.0,4.0,5.0,5.0,4.0,2.0,2.0,1.0,3.75,4.333333333333333,2.4,2.4,4.5
12,Male,20,4,Applied Psychology,Not employed,7.53,3.6,1.1,6.9,3,1.0,2.0,3.0,2.0,3.0,1.0,2.0,3.0,1.0,2.0,3.0,4.0,4.0,5.0,3.0,3.0,2.0,3.0,3.0,2.0,2.0,2.0,2.0,1.0,4.0,3.0,2.0,3.0,2.0,3.8,2.6,1.75
13,Female,27,4,Applied Psychology,Part-time,8.97,4.7,2.8,6.8,0,4.0,3.0,4.0,1.0,4.0,4.0,4.0,3.0,5.0,3.0,3.0,4.0,4.0,3.0,4.0,1.0,2.0,2.0,2.0,3.0,5.0,5.0,5.0,5.0,2.0,3.0,,4.0,3.8333333333333335,3.6,2.0,5.0
14,Female,23,2,Applied Psychology,Part-time,9.4,4.6,1.7,8.9,3,2.0,3.0,2.0,3.0,2.0,2.0,2.0,4.0,1.0,2.0,3.0,3.0,4.0,4.0,3.0,3.0,4.0,3.0,2.0,3.0,3.0,3.0,2.0,3.0,,4.0,3.0,2.5,2.1666666666666665,3.4,3.0,2.75
15,Male,23,4,Applied Psychology,Part-time,7.54,5.8,4.2,6.0,0,4.0,3.0,4.0,,5.0,5.0,5.0,5.0,5.0,5.0,3.0,3.0,3.0,5.0,3.0,1.0,2.0,4.0,3.0,3.0,5.0,5.0,4.0,5.0,3.0,4.0,2.0,3.6666666666666665,5.0,3.4,2.6,4.75
16,Female,21,3,Applied Psychology,Not employed,8.18,6.4,4.2,5.0,0,4.0,2.0,2.0,4.0,5.0,5.0,5.0,5.0,5.0,5.0,4.0,4.0,2.0,3.0,,2.0,2.0,1.0,2.0,2.0,3.0,4.0,4.0,3.0,2.0,2.0,2.0,3.0,5.0,3.25,1.8,3.5
17,Female,28,5,Psychology,Not employed,8.74,5.7,2.9,8.7,4,1.0,4.0,1.0,3.0,4.0,4.0,4.0,2.0,3.0,2.0,3.0,3.0,2.0,3.0,2.0,5.0,5.0,5.0,5.0,4.0,3.0,3.0,4.0,3.0,5.0,,5.0,1.75,3.1666666666666665,2.6,4.8,3.25
18,Female,22,3,Applied Psychology,Not employed,7.7,3.4,1.1,6.4,4,3.0,2.0,4.0,1.0,2.0,4.0,2.0,3.0,2.0,4.0,3.0,4.0,1.0,4.0,3.0,1.0,3.0,1.0,2.0,4.0,2.0,3.0,3.0,4.0,2.0,4.0,4.0,4.0,2.8333333333333335,3.0,2.2,3.0
19,Female,25,2,Applied Psychology,Part-time,9.47,2.7,1.0,7.5,2,5.0,2.0,4.0,1.0,2.0,1.0,1.0,1.0,1.0,2.0,3.0,3.0,4.0,2.0,3.0,1.0,1.0,1.0,1.0,1.0,4.0,4.0,4.0,4.0,1.0,2.0,1.0,4.5,1.3333333333333333,3.0,1.0,4.0
20,Female,18,1,Applied Psychology,Not employed,7.68,6.5,3.3,6.9,2,3.0,2.0,5.0,2.0,4.0,3.0,5.0,2.0,4.0,3.0,5.0,5.0,5.0,5.0,4.0,3.0,2.0,1.0,3.0,2.0,4.0,5.0,5.0,5.0,2.0,3.0,3.0,4.0,3.5,4.8,2.2,4.75
21,Female,18,3,Applied Psychology,Not employed,7.88,3.9,2.4,7.1,2,3.0,2.0,4.0,2.0,5.0,4.0,3.0,4.0,4.0,4.0,3.0,2.0,3.0,3.0,3.0,3.0,4.0,3.0,3.0,3.0,4.0,1.0,3.0,3.0,3.0,4.0,2.0,3.75,4.0,2.8,3.2,2.75
22,Female,24,5,Applied Psychology,Not employed,9.03,6.5,2.9,7.8,3,4.0,3.0,5.0,4.0,2.0,1.0,,2.0,2.0,2.0,1.0,2.0,1.0,2.0,3.0,4.0,3.0,4.0,3.0,3.0,4.0,2.0,4.0,2.0,3.0,4.0,5.0,3.5,1.8,1.8,3.4,3.0
23,Female,22,4,Applied Psychology,Not employed,8.75,3.5,1.4,9.1,1,1.0,5.0,2.0,5.0,1.0,1.0,1.0,1.0,1.0,1.0,4.0,4.0,4.0,5.0,3.0,5.0,4.0,5.0,5.0,5.0,3.0,2.0,2.0,3.0,5.0,5.0,4.0,1.25,1.0,4.0,4.8,2.5
24,Male,23,1,Psychology,Not employed,8.5,7.2,3.9,6.8,2,5.0,2.0,4.0,3.0,2.0,4.0,4.0,3.0,3.0,3.0,3.0,3.0,3.0,2.0,3.0,3.0,2.0,1.0,2.0,1.0,5.0,3.0,3.0,3.0,2.0,2.0,2.0,4.0,3.1666666666666665,2.8,1.8,3.5
25,Female,20,2,Psychology,Part-time,7.06,5.4,2.3,5.5,4,3.0,4.0,2.0,4.0,3.0,3.0,4.0,5.0,3.0,2.0,1.0,2.0,2.0,2.0,2.0,4.0,3.0,5.0,4.0,4.0,4.0,3.0,2.0,3.0,2.0,4.0,2.0,2.25,3.3333333333333335,1.8,4.0,3.0
26,Female,19,2,Applied Psychology,Not employed,6.72,7.1,2.8,5.2,1,4.0,1.0,5.0,2.0,3.0,5.0,5.0,4.0,5.0,5.0,3.0,3.0,2.0,3.0,2.0,2.0,2.0,2.0,2.0,2.0,5.0,5.0,4.0,5.0,1.0,1.0,3.0,4.5,4.5,2.6,2.0,4.75
27,Female,23,1,Psychology,Part-time,8.4,5.2,1.5,7.1,0,1.0,5.0,4.0,4.0,2.0,2.0,4.0,4.0,4.0,4.0,4.0,5.0,5.0,4.0,5.0,4.0,4.0,4.0,3.0,5.0,3.0,1.0,3.0,3.0,5.0,3.0,4.0,2.0,3.3333333333333335,4.6,4.0,2.5
28,Male,23,1,Social Sciences,Not employed,8.13,5.0,1.8,7.6,5,3.0,3.0,4.0,3.0,3.0,2.0,3.0,3.0,2.0,3.0,2.0,3.0,4.0,1.0,2.0,3.0,4.0,4.0,3.0,3.0,5.0,3.0,4.0,2.0,2.0,3.0,2.0,3.25,2.6666666666666665,2.4,3.4,3.5
29,Female,21,1,Applied Psychology,Part-time,8.7,4.9,1.9,4.8,3,5.0,1.0,5.0,1.0,5.0,4.0,5.0,5.0,3.0,3.0,5.0,4.0,2.0,2.0,5.0,,2.0,1.0,2.0,4.0,4.0,5.0,4.0,5.0,2.0,3.0,3.0,5.0,4.166666666666667,3.6,2.25,4.5
30,Female,23,3,Applied Psychology,Not employed,7.65,6.1,3.0,5.6,3,5.0,3.0,3.0,4.0,4.0,2.0,5.0,3.0,4.0,4.0,3.0,2.0,4.0,2.0,2.0,2.0,3.0,3.0,2.0,3.0,2.0,3.0,4.0,4.0,3.0,3.0,3.0,3.25,3.6666666666666665,2.6,2.6,3.25
31,Female,22,4,Applied Psychology,Not employed,7.96,6.7,2.6,6.9,2,4.0,2.0,4.0,4.0,3.0,4.0,2.0,3.0,2.0,2.0,2.0,2.0,2.0,3.0,4.0,3.0,3.0,2.0,3.0,2.0,2.0,2.0,2.0,3.0,4.0,4.0,5.0,3.5,2.6666666666666665,2.6,2.6,2.25
32,Female,20,4,Psychology,Part-time,7.9,7.4,3.0,7.5,2,2.0,,2.0,3.0,5.0,4.0,5.0,4.0,4.0,4.0,4.0,3.0,3.0,3.0,3.0,5.0,5.0,5.0,5.0,3.0,3.0,4.0,4.0,4.0,4.0,3.0,5.0,2.3333333333333335,4.333333333333333,3.2,4.6,3.75
33,Female,23,2,Psychology,Part-time,8.0,4.6,1.9,8.6,3,3.0,2.0,3.0,3.0,1.0,1.0,1.0,2.0,2.0,1.0,2.0,3.0,3.0,5.0,3.0,5.0,5.0,5.0,,5.0,3.0,1.0,4.0,3.0,5.0,3.0,5.0,3.25,1.3333333333333333,3.2,5.0,2.75
34,Female,22,5,Social Sciences,Not employed,9.76,4.9,0.2,8.0,3,2.0,2.0,4.0,4.0,1.0,1.0,2.0,1.0,1.0,2.0,,5.0,4.0,4.0,5.0,2.0,2.0,2.0,3.0,3.0,2.0,2.0,3.0,3.0,2.0,3.0,3.0,3.0,1.3333333333333333,4.5,2.4,2.5
35,Female,19,2,Applied Psychology,Not employed,7.58,3.4,3.5,8.0,4,2.0,4.0,2.0,5.0,1.0,1.0,2.0,1.0,2.0,1.0,2.0,2.0,3.0,1.0,3.0,4.0,4.0,5.0,4.0,4.0,1.0,2.0,2.0,1.0,3.0,2.0,4.0,1.75,1.3333333333333333,2.2,4.2,1.5
36,Female,20,2,Applied Psychology,Not employed,7.69,5.2,1.2,6.5,4,4.0,3.0,2.0,4.0,2.0,3.0,4.0,3.0,3.0,1.0,2.0,2.0,2.0,2.0,2.0,2.0,3.0,2.0,4.0,3.0,3.0,4.0,4.0,3.0,1.0,3.0,3.0,2.75,2.6666666666666665,2.0,2.8,3.5
37,Female,19,4,Applied Psychology,Not employed,7.66,6.6,3.5,5.8,2,4.0,3.0,2.0,3.0,4.0,5.0,5.0,4.0,5.0,5.0,3.0,2.0,4.0,4.0,5.0,4.0,4.0,4.0,4.0,3.0,4.0,3.0,4.0,3.0,5.0,,2.0,3.0,4.666666666666667,3.6,3.8,3.5
38,Female,20,1,Applied Psychology,Not employed,8.47,4.9,0.2,7.0,4,3.0,4.0,2.0,4.0,2.0,2.0,1.0,4.0,1.0,4.0,3.0,3.0,4.0,4.0,2.0,4.0,3.0,4.0,3.0,4.0,2.0,2.0,3.0,1.0,2.0,3.0,2.0,2.25,2.3333333333333335,3.2,3.6,2.0
39,Female,22,2,Applied Psychology,Part-time,7.32,5.5,2.5,5.7,1,2.0,2.0,3.0,5.0,4.0,3.0,4.0,3.0,2.0,4.0,5.0,5.0,4.0,5.0,5.0,5.0,4.0,5.0,4.0,5.0,3.0,2.0,3.0,2.0,5.0,3.0,5.0,2.5,3.3333333333333335,4.8,4.6,2.5
40,Female,24,2,Applied Psychology,Part-time,6.7,8.0,3.9,6.6,3,4.0,2.0,3.0,1.0,4.0,5.0,5.0,4.0,5.0,3.0,1.0,1.0,1.0,2.0,1.0,1.0,1.0,1.0,1.0,1.0,5.0,5.0,5.0,5.0,1.0,3.0,1.0,4.0,4.333333333333333,1.2,1.0,5.0
41,Female,23,3,Applied Psychology,Not employed,8.45,6.6,3.2,6.1,3,4.0,1.0,5.0,1.0,4.0,5.0,4.0,4.0,3.0,3.0,4.0,3.0,2.0,3.0,3.0,4.0,3.0,3.0,3.0,3.0,3.0,2.0,3.0,3.0,4.0,4.0,2.0,4.75,3.8333333333333335,3.0,3.2,2.75
42,Prefer not to say,22,1,Applied Psychology,Part-time,7.79,5.4,1.5,8.4,2,4.0,5.0,,5.0,2.0,3.0,1.0,2.0,3.0,3.0,3.0,2.0,2.0,2.0,2.0,3.0,4.0,4.0,4.0,5.0,3.0,3.0,2.0,2.0,3.0,2.0,4.0,2.0,2.3333333333333335,2.2,4.0,2.5
43,Female,26,1,Applied Psychology,Not employed,8.15,5.3,1.6,6.6,4,3.0,3.0,3.0,3.0,1.0,1.0,1.0,2.0,2.0,,3.0,4.0,4.0,2.0,4.0,4.0,3.0,5.0,5.0,4.0,4.0,3.0,4.0,2.0,3.0,2.0,2.0,3.0,1.4,3.4,4.2,3.25
44,Female,24,4,Social Sciences,Full-time,7.89,4.1,0.9,7.5,1,4.0,1.0,,1.0,2.0,2.0,2.0,3.0,4.0,4.0,3.0,3.0,2.0,3.0,3.0,2.0,1.0,1.0,2.0,2.0,4.0,5.0,3.0,5.0,3.0,3.0,2.0,4.666666666666667,2.8333333333333335,2.8,1.6,4.25
45,Female,25,2,Applied Psychology,Part-time,7.98,3.3,2.1,6.4,2,2.0,4.0,1.0,4.0,1.0,3.0,2.0,2.0,1.0,2.0,4.0,3.0,3.0,2.0,,3.0,4.0,2.0,1.0,3.0,3.0,2.0,2.0,1.0,5.0,4.0,3.0,1.75,1.8333333333333333,3.0,2.6,2.0
46,Female,25,4,Applied Psychology,Full-time,8.92,6.7,3.2,8.0,2,1.0,5.0,1.0,5.0,2.0,1.0,2.0,3.0,2.0,3.0,3.0,3.0,2.0,3.0,2.0,5.0,5.0,5.0,5.0,5.0,3.0,2.0,4.0,4.0,5.0,5.0,3.0,1.0,2.1666666666666665,2.6,5.0,3.25
47,Female,23,2,Applied Psychology,Part-time,8.34,3.3,3.3,6.4,2,4.0,2.0,5.0,4.0,5.0,4.0,3.0,4.0,2.0,3.0,4.0,4.0,3.0,3.0,3.0,2.0,1.0,,1.0,2.0,5.0,5.0,5.0,5.0,1.0,2.0,1.0,3.75,3.5,3.4,1.5,5.0
48,Female,24,2,Applied Psychology,Part-time,8.67,4.8,2.3,9.2,2,1.0,5.0,1.0,5.0,1.0,1.0,2.0,2.0,2.0,2.0,3.0,4.0,4.0,4.0,3.0,5.0,5.0,5.0,5.0,5.0,1.0,1.0,1.0,1.0,5.0,3.0,5.0,1.0,1.6666666666666667,3.6,5.0,1.0
49,Female,23,2,Applied Psychology,Not employed,8.49,5.8,3.4,6.8,4,2.0,4.0,4.0,2.0,4.0,,2.0,4.0,3.0,4.0,1.0,3.0,4.0,2.0,2.0,1.0,,3.0,2.0,2.0,5.0,5.0,,3.0,1.0,2.0,3.0,3.0,3.4,2.4,2.0,4.333333333333333
50,Male,19,1,Applied Psychology,Not employed,7.88,2.6,2.3,7.1,0,2.0,4.0,1.0,5.0,3.0,2.0,1.0,2.0,2.0,1.0,3.0,3.0,5.0,4.0,3.0,3.0,4.0,5.0,5.0,4.0,2.0,2.0,2.0,1.0,4.0,2.0,5.0,1.5,1.8333333333333333,3.6,4.2,1.75
51,Female,25,3,Applied Psychology,Not employed,8.0,4.5,3.8,7.1,3,4.0,2.0,4.0,4.0,3.0,4.0,2.0,,2.0,4.0,5.0,4.0,4.0,4.0,5.0,2.0,3.0,3.0,3.0,1.0,3.0,4.0,2.0,2.0,3.0,3.0,2.0,3.5,3.0,4.4,2.4,2.75
52,Male,22,5,Applied Psychology,Not employed,8.19,5.8,2.6,7.9,3,3.0,2.0,3.0,3.0,4.0,3.0,3.0,2.0,3.0,,1.0,1.0,2.0,1.0,1.0,2.0,1.0,1.0,1.0,1.0,3.0,3.0,4.0,5.0,1.0,4.0,1.0,3.25,3.0,1.2,1.2,3.75
53,Female,22,2,Applied Psychology,Full-time,7.81,5.2,0.2,7.2,2,2.0,,3.0,4.0,1.0,3.0,2.0,2.0,1.0,1.0,2.0,3.0,2.0,1.0,2.0,5.0,3.0,4.0,4.0,5.0,1.0,1.0,1.0,3.0,5.0,1.0,5.0,2.3333333333333335,1.6666666666666667,2.0,4.2,1.5
54,Female,22,5,Applied Psychology,Part-time,7.9,4.1,3.1,8.3,2,2.0,4.0,1.0,5.0,2.0,3.0,3.0,4.0,3.0,2.0,4.0,5.0,5.0,4.0,4.0,5.0,5.0,4.0,5.0,5.0,1.0,1.0,1.0,1.0,4.0,4.0,4.0,1.5,2.8333333333333335,4.4,4.8,1.0
55,Male,21,3,Psychology,Not employed,7.55,4.8,4.3,8.7,1,5.0,3.0,4.0,3.0,2.0,1.0,3.0,2.0,2.0,4.0,1.0,3.0,1.0,3.0,2.0,1.0,2.0,2.0,1.0,2.0,5.0,5.0,5.0,5.0,1.0,2.0,2.0,3.75,2.3333333333333335,2.0,1.6,5.0
56,Male,18,2,Psychology,Not employed,8.42,6.3,0.7,7.3,2,5.0,1.0,5.0,3.0,3.0,4.0,4.0,3.0,3.0,3.0,2.0,1.0,2.0,4.0,2.0,3.0,3.0,3.0,2.0,2.0,3.0,2.0,2.0,3.0,3.0,3.0,3.0,4.5,3.3333333333333335,2.2,2.6,2.5
57,Female,25,4,Applied Psychology,Part-time,9.2,5.7,1.4,6.6,1,3.0,3.0,3.0,1.0,3.0,3.0,2.0,1.0,2.0,1.0,5.0,4.0,4.0,4.0,4.0,2.0,2.0,2.0,2.0,2.0,1.0,2.0,2.0,4.0,2.0,3.0,5.0,3.5,2.0,4.2,2.0,2.25
58,Female,21,5,Psychology,Not employed,8.29,5.8,0.6,8.5,4,2.0,5.0,1.0,5.0,1.0,1.0,1.0,1.0,1.0,1.0,3.0,1.0,1.0,1.0,1.0,2.0,2.0,,1.0,2.0,1.0,1.0,2.0,1.0,2.0,3.0,3.0,1.25,1.0,1.4,1.75,1.25
59,Female,23,1,Applied Psychology,Not employed,8.59,5.8,2.1,6.5,2,4.0,1.0,2.0,3.0,4.0,4.0,4.0,5.0,4.0,4.0,4.0,5.0,4.0,4.0,5.0,5.0,3.0,5.0,5.0,4.0,4.0,3.0,4.0,5.0,5.0,2.0,5.0,3.5,4.166666666666667,4.4,4.4,4.0
60,Male,24,1,Applied Psychology,Not employed,7.86,8.0,4.4,6.6,2,5.0,2.0,4.0,4.0,5.0,5.0,5.0,5.0,5.0,5.0,3.0,4.0,3.0,3.0,4.0,2.0,4.0,3.0,3.0,4.0,3.0,2.0,3.0,2.0,2.0,3.0,2.0,3.75,5.0,3.4,3.2,2.5
61,Female,23,2,Social Sciences,Not employed,8.19,3.8,2.3,6.6,2,2.0,5.0,3.0,4.0,3.0,2.0,2.0,3.0,3.0,3.0,2.0,3.0,4.0,2.0,2.0,1.0,1.0,2.0,2.0,1.0,1.0,2.0,4.0,3.0,2.0,2.0,1.0,2.0,2.6666666666666665,2.6,1.4,2.5
62,Female,21,2,Psychology,Not employed,7.83,7.4,2.8,7.3,4,4.0,5.0,,4.0,3.0,,3.0,3.0,2.0,4.0,1.0,4.0,2.0,2.0,2.0,4.0,4.0,3.0,3.0,4.0,2.0,3.0,3.0,3.0,3.0,2.0,,2.3333333333333335,3.0,2.2,3.6,2.75
63,Male,20,1,Applied Psychology,Not employed,7.79,6.9,1.3,7.1,2,3.0,3.0,4.0,3.0,4.0,2.0,2.0,3.0,2.0,2.0,4.0,3.0,3.0,2.0,3.0,4.0,3.0,4.0,3.0,3.0,4.0,3.0,2.0,2.0,4.0,4.0,3.0,3.25,2.5,3.0,3.4,2.75
64,Male,21,1,Applied Psychology,Part-time,8.07,5.0,4.3,6.9,3,2.0,4.0,2.0,3.0,4.0,4.0,3.0,5.0,5.0,3.0,2.0,1.0,3.0,1.0,2.0,1.0,3.0,3.0,2.0,2.0,3.0,1.0,2.0,3.0,2.0,3.0,4.0,2.25,4.0,1.8,2.2,2.25
65,Female,21,3,Applied Psychology,Full-time,8.24,6.7,4.3,7.5,3,3.0,2.0,3.0,4.0,3.0,3.0,4.0,3.0,4.0,4.0,3.0,3.0,2.0,4.0,4.0,3.0,2.0,1.0,3.0,1.0,4.0,3.0,3.0,4.0,1.0,3.0,3.0,3.0,3.5,3.2,2.0,3.5
66,Male,18,5,Applied Psychology,Not employed,8.31,2.8,2.1,8.4,4,1.0,5.0,3.0,3.0,2.0,3.0,2.0,2.0,2.0,1.0,3.0,4.0,4.0,3.0,2.0,3.0,4.0,5.0,5.0,4.0,3.0,1.0,4.0,5.0,4.0,3.0,4.0,2.0,2.0,3.2,4.2,3.25
67,Male,21,1,Social Sciences,Not employed,8.41,4.3,2.0,5.8,1,2.0,,3.0,3.0,3.0,3.0,4.0,1.0,1.0,2.0,2.0,3.0,2.0,2.0,4.0,4.0,3.0,3.0,3.0,4.0,4.0,3.0,,4.0,2.0,2.0,4.0,2.6666666666666665,2.3333333333333335,2.6,3.4,3.6666666666666665
68,Female,22,1,Applied Psychology,Not employed,8.26,6.5,2.1,8.5,3,2.0,3.0,2.0,3.0,1.0,1.0,1.0,1.0,1.0,2.0,2.0,1.0,1.0,2.0,1.0,4.0,5.0,5.0,5.0,5.0,1.0,1.0,2.0,3.0,4.0,3.0,3.0,2.5,1.1666666666666667,1.4,4.8,1.75
69,Prefer not to say,20,2,Applied Psychology,Not employed,9.5,5.7,3.2,9.2,2,3.0,4.0,1.0,4.0,2.0,1.0,3.0,3.0,2.0,5.0,5.0,5.0,5.0,5.0,5.0,4.0,4.0,4.0,4.0,3.0,2.0,2.0,2.0,3.0,5.0,4.0,5.0,2.0,2.6666666666666665,5.0,3.8,2.25
70,Prefer not to say,20,4,Psychology,Full-time,8.7,6.7,3.2,6.5,3,3.0,1.0,5.0,2.0,4.0,3.0,2.0,2.0,4.0,3.0,4.0,4.0,3.0,5.0,4.0,2.0,1.0,2.0,1.0,2.0,3.0,4.0,2.0,4.0,3.0,5.0,3.0,4.25,3.0,4.0,1.6,3.25
71,Female,25,4,Applied Psychology,Part-time,7.71,8.0,3.6,5.7,2,5.0,1.0,5.0,1.0,5.0,5.0,5.0,5.0,5.0,4.0,1.0,1.0,1.0,1.0,1.0,2.0,2.0,1.0,2.0,1.0,5.0,4.0,2.0,4.0,1.0,3.0,1.0,5.0,4.833333333333333,1.0,1.6,3.75
72,Female,18,4,Applied Psychology,Not employed,8.0,8.3,0.5,7.5,1,2.0,4.0,2.0,5.0,4.0,2.0,2.0,3.0,4.0,4.0,2.0,3.0,3.0,2.0,3.0,3.0,3.0,2.0,2.0,3.0,1.0,3.0,1.0,2.0,3.0,4.0,2.0,1.75,3.1666666666666665,2.6,2.6,1.75
73,Male,23,4,Applied Psychology,Not employed,7.91,7.1,2.0,7.1,4,3.0,3.0,3.0,4.0,3.0,2.0,3.0,2.0,4.0,4.0,4.0,3.0,3.0,3.0,4.0,4.0,5.0,4.0,3.0,5.0,3.0,4.0,,4.0,4.0,3.0,3.0,2.75,3.0,3.4,4.2,3.6666666666666665
74,Female,25,1,Applied Psychology,Part-time,8.31,6.8,3.9,6.5,3,1.0,4.0,2.0,5.0,,5.0,3.0,4.0,2.0,3.0,,3.0,3.0,2.0,3.0,,2.0,2.0,3.0,2.0,4.0,2.0,4.0,2.0,3.0,4.0,2.0,1.5,3.4,2.75,2.25,3.0
75,Male,21,2,Applied Psychology,Not employed,7.26,6.5,3.2,9.5,2,4.0,2.0,3.0,2.0,3.0,3.0,3.0,3.0,4.0,3.0,3.0,1.0,2.0,4.0,1.0,2.0,4.0,3.0,3.0,1.0,4.0,4.0,5.0,4.0,1.0,1.0,3.0,3.75,3.1666666666666665,2.2,2.6,4.25
76,Male,20,5,Applied Psychology,Not employed,6.4,8.2,3.1,6.2,2,3.0,2.0,5.0,2.0,3.0,4.0,4.0,4.0,5.0,,3.0,2.0,2.0,3.0,3.0,4.0,4.0,2.0,4.0,3.0,4.0,4.0,5.0,4.0,4.0,4.0,,4.0,4.0,2.6,3.4,4.25
77,Female,21,3,Applied Psychology,Not employed,8.62,6.0,4.8,7.0,5,4.0,2.0,3.0,3.0,4.0,4.0,4.0,3.0,5.0,4.0,3.0,3.0,4.0,3.0,2.0,2.0,4.0,1.0,3.0,2.0,4.0,4.0,5.0,5.0,2.0,3.0,3.0,3.5,4.0,3.0,2.4,4.5
78,Female,18,4,Psychology,Part-time,6.88,5.3,2.0,6.7,1,4.0,3.0,4.0,2.0,2.0,2.0,2.0,3.0,3.0,3.0,4.0,4.0,3.0,2.0,3.0,1.0,2.0,5.0,1.0,1.0,4.0,4.0,4.0,4.0,3.0,4.0,2.0,3.75,2.5,3.2,2.0,4.0
79,Female,21,1,Applied Psychology,Full-time,7.95,4.6,1.3,8.3,0,4.0,4.0,3.0,2.0,3.0,3.0,4.0,2.0,3.0,3.0,2.0,1.0,2.0,5.0,3.0,4.0,2.0,3.0,1.0,,2.0,2.0,1.0,2.0,4.0,3.0,4.0,3.25,3.0,2.6,2.5,1.75
80,Female,24,2,Applied Psychology,Not employed,8.88,7.2,2.1,6.1,4,2.0,4.0,1.0,5.0,5.0,4.0,,5.0,3.0,3.0,5.0,5.0,5.0,5.0,5.0,4.0,5.0,4.0,5.0,4.0,3.0,3.0,2.0,1.0,4.0,3.0,4.0,1.5,4.0,5.0,4.4,2.25
81,Female,22,4,Psychology,Part-time,7.3,5.6,3.7,5.2,1,3.0,2.0,4.0,1.0,4.0,5.0,5.0,5.0,5.0,4.0,4.0,3.0,4.0,3.0,2.0,2.0,4.0,3.0,4.0,2.0,4.0,5.0,3.0,4.0,5.0,4.0,4.0,4.0,4.666666666666667,3.2,3.0,4.0
82,Male,20,4,Applied Psychology,Not employed,8.19,5.5,3.6,6.5,0,2.0,5.0,1.0,5.0,4.0,5.0,4.0,5.0,3.0,3.0,2.0,1.0,2.0,2.0,3.0,2.0,2.0,2.0,2.0,3.0,3.0,4.0,4.0,2.0,2.0,2.0,4.0,1.25,4.0,2.0,2.2,3.25
83,Female,20,4,Psychology,Not employed,7.34,6.1,4.2,7.4,1,3.0,5.0,2.0,3.0,4.0,4.0,4.0,4.0,5.0,4.0,3.0,2.0,2.0,3.0,2.0,3.0,2.0,3.0,3.0,4.0,5.0,3.0,5.0,3.0,3.0,3.0,1.0,2.25,4.166666666666667,2.4,3.0,4.0
84,Male,18,2,Applied Psychology,Full-time,7.65,5.8,2.7,7.2,2,3.0,2.0,3.0,3.0,1.0,1.0,2.0,3.0,2.0,1.0,2.0,3.0,1.0,2.0,1.0,5.0,4.0,4.0,4.0,2.0,3.0,3.0,2.0,3.0,2.0,1.0,4.0,3.25,1.6666666666666667,1.8,3.8,2.75
85,Male,20,3,Social Sciences,Not employed,8.14,4.8,0.8,7.2,1,4.0,3.0,3.0,4.0,2.0,2.0,2.0,1.0,1.0,3.0,3.0,2.0,2.0,3.0,1.0,3.0,3.0,3.0,1.0,2.0,2.0,2.0,3.0,3.0,4.0,3.0,2.0,3.0,1.8333333333333333,2.2,2.4,2.5
86,Female,18,1,Applied Psychology,Not employed,8.2,4.6,2.3,7.2,5,3.0,4.0,2.0,4.0,3.0,3.0,1.0,2.0,1.0,1.0,1.0,1.0,1.0,2.0,1.0,1.0,2.0,3.0,4.0,4.0,3.0,2.0,3.0,4.0,3.0,2.0,3.0,2.25,1.8333333333333333,1.2,2.8,3.0
87,Male,24,2,Applied Psychology,Not employed,8.45,7.0,3.9,5.8,2,4.0,4.0,4.0,3.0,3.0,3.0,4.0,4.0,4.0,3.0,1.0,2.0,1.0,3.0,1.0,1.0,2.0,1.0,1.0,1.0,5.0,3.0,4.0,4.0,2.0,3.0,1.0,3.25,3.5,1.6,1.2,4.0
88,Male,22,4,Applied Psychology,Not employed,8.49,3.5,2.0,7.5,0,4.0,4.0,2.0,4.0,2.0,2.0,2.0,1.0,1.0,2.0,4.0,3.0,3.0,3.0,4.0,5.0,,3.0,4.0,3.0,1.0,3.0,1.0,2.0,2.0,4.0,3.0,2.5,1.6666666666666667,3.4,3.75,1.75
89,Male,24,2,Social Sciences,Full-time,10.0,6.0,2.2,5.4,1,1.0,3.0,2.0,4.0,3.0,1.0,4.0,3.0,4.0,3.0,4.0,4.0,4.0,,3.0,4.0,3.0,,4.0,4.0,2.0,2.0,2.0,3.0,4.0,4.0,5.0,2.0,3.0,3.75,3.75,2.25
90,Female,22,2,Social Sciences,Part-time,7.04,3.3,1.9,6.7,1,3.0,3.0,2.0,2.0,2.0,2.0,1.0,5.0,3.0,2.0,2.0,1.0,2.0,4.0,2.0,2.0,1.0,1.0,1.0,2.0,5.0,5.0,5.0,5.0,1.0,2.0,1.0,3.0,2.5,2.2,1.4,5.0
91,Female,23,5,Psychology,Part-time,7.64,5.3,2.9,7.0,3,3.0,2.0,4.0,2.0,4.0,5.0,3.0,3.0,4.0,3.0,4.0,3.0,4.0,3.0,2.0,1.0,2.0,2.0,2.0,2.0,5.0,3.0,5.0,5.0,2.0,2.0,2.0,3.75,3.6666666666666665,3.2,1.8,4.5
92,Male,20,2,Psychology,Not employed,8.45,6.5,3.8,6.3,2,2.0,4.0,3.0,4.0,3.0,3.0,3.0,4.0,4.0,4.0,4.0,4.0,5.0,3.0,4.0,4.0,4.0,5.0,5.0,4.0,2.0,1.0,3.0,1.0,4.0,3.0,5.0,2.25,3.5,4.0,4.4,1.75
93,Male,21,5,Applied Psychology,Not employed,7.62,4.3,2.2,8.3,2,3.0,3.0,3.0,2.0,2.0,4.0,2.0,3.0,3.0,2.0,2.0,3.0,2.0,2.0,3.0,2.0,,2.0,3.0,3.0,3.0,4.0,3.0,4.0,2.0,4.0,2.0,3.25,2.6666666666666665,2.4,2.5,3.5
94,Prefer not to say,20,2,Applied Psychology,Not employed,8.79,3.7,1.4,7.2,2,3.0,3.0,3.0,3.0,2.0,3.0,1.0,2.0,1.0,1.0,4.0,,3.0,2.0,3.0,3.0,2.0,4.0,3.0,2.0,4.0,2.0,4.0,3.0,2.0,3.0,4.0,3.0,1.6666666666666667,3.0,2.8,3.25
95,Female,22,3,Applied Psychology,Part-time,8.84,4.2,2.7,8.0,4,2.0,4.0,3.0,5.0,4.0,1.0,1.0,1.0,2.0,3.0,1.0,1.0,1.0,1.0,2.0,4.0,3.0,3.0,3.0,5.0,2.0,3.0,,,4.0,1.0,2.0,2.0,2.0,1.2,3.6,2.5
96,Female,21,2,Psychology,Not employed,7.01,6.5,3.6,6.5,1,5.0,1.0,5.0,1.0,5.0,5.0,5.0,5.0,5.0,5.0,1.0,1.0,2.0,2.0,1.0,1.0,1.0,1.0,1.0,1.0,,5.0,5.0,5.0,1.0,2.0,1.0,5.0,5.0,1.4,1.0,5.0
97,Male,23,4,Applied Psychology,Not employed,6.89,2.9,2.2,6.5,1,4.0,1.0,5.0,3.0,3.0,2.0,3.0,,3.0,4.0,3.0,3.0,3.0,4.0,2.0,3.0,4.0,3.0,2.0,4.0,4.0,4.0,3.0,3.0,4.0,5.0,2.0,4.25,3.0,3.0,3.2,3.5
98,Male,18,2,Applied Psychology,Part-time,7.84,5.4,3.3,6.8,4,4.0,3.0,4.0,1.0,4.0,3.0,4.0,2.0,3.0,4.0,2.0,1.0,4.0,2.0,5.0,4.0,5.0,2.0,4.0,4.0,4.0,3.0,4.0,2.0,2.0,2.0,4.0,4.0,3.3333333333333335,2.8,3.8,3.25
99,Male,22,5,Psychology,Full-time,7.88,3.7,1.2,7.3,4,1.0,5.0,2.0,3.0,1.0,2.0,2.0,3.0,3.0,3.0,5.0,5.0,5.0,5.0,5.0,3.0,4.0,5.0,4.0,4.0,4.0,2.0,2.0,2.0,5.0,4.0,5.0,1.75,2.3333333333333335,5.0,4.0,2.5
100,Male,23,2,Psychology,Part-time,7.46,4.9,0.5,8.0,3,2.0,3.0,2.0,2.0,3.0,3.0,3.0,2.0,3.0,2.0,1.0,1.0,2.0,1.0,1.0,3.0,2.0,1.0,3.0,3.0,4.0,3.0,3.0,3.0,3.0,1.0,3.0,2.75,2.6666666666666665,1.2,2.4,3.25
101,Male,23,1,Psychology,Not employed,8.46,5.6,0.3,8.9,3,,5.0,1.0,5.0,1.0,1.0,1.0,2.0,1.0,1.0,3.0,3.0,2.0,3.0,4.0,3.0,3.0,3.0,5.0,4.0,1.0,2.0,1.0,2.0,4.0,2.0,3.0,1.0,1.1666666666666667,3.0,3.6,1.5
102,Female,23,1,Applied Psychology,Not employed,7.49,5.5,3.2,6.4,3,1.0,4.0,1.0,3.0,3.0,4.0,5.0,4.0,4.0,5.0,5.0,3.0,5.0,4.0,5.0,4.0,5.0,3.0,5.0,4.0,1.0,2.0,2.0,1.0,2.0,2.0,4.0,1.75,4.166666666666667,4.4,4.2,1.5
103,Male,21,2,Applied Psychology,Not employed,7.45,1.9,0.3,8.1,3,4.0,4.0,1.0,3.0,1.0,1.0,1.0,1.0,1.0,1.0,3.0,3.0,5.0,2.0,2.0,5.0,5.0,4.0,5.0,4.0,1.0,4.0,1.0,,5.0,3.0,4.0,2.5,1.0,3.0,4.6,2.0
104,Female,18,1,Social Sciences,Full-time,7.22,6.5,3.2,7.2,2,3.0,5.0,2.0,5.0,3.0,2.0,,5.0,3.0,3.0,3.0,3.0,4.0,4.0,3.0,4.0,3.0,3.0,3.0,3.0,,1.0,3.0,3.0,4.0,2.0,2.0,1.75,3.2,3.4,3.2,2.3333333333333335
105,Female,23,3,Applied Psychology,Not employed,8.78,3.6,2.9,5.3,4,4.0,3.0,2.0,,4.0,2.0,3.0,,4.0,2.0,5.0,5.0,4.0,4.0,4.0,5.0,5.0,5.0,5.0,4.0,4.0,3.0,3.0,3.0,5.0,4.0,4.0,3.0,3.0,4.4,4.8,3.25
106,Female,23,4,Applied Psychology,Part-time,8.33,6.2,2.5,6.9,2,5.0,3.0,4.0,3.0,1.0,2.0,2.0,3.0,3.0,1.0,2.0,4.0,4.0,2.0,5.0,3.0,3.0,3.0,3.0,3.0,1.0,2.0,1.0,1.0,3.0,3.0,2.0,3.75,2.0,3.4,3.0,1.25
107,Female,20,1,Applied Psychology,Part-time,8.69,5.1,1.3,6.8,3,5.0,2.0,5.0,1.0,3.0,2.0,2.0,4.0,4.0,2.0,4.0,5.0,4.0,5.0,5.0,4.0,4.0,4.0,3.0,4.0,2.0,2.0,2.0,3.0,5.0,3.0,4.0,4.75,2.8333333333333335,4.6,3.8,2.25
108,Female,21,2,Applied Psychology,Part-time,8.5,6.5,2.4,6.9,4,2.0,3.0,4.0,2.0,4.0,2.0,3.0,3.0,3.0,2.0,3.0,4.0,4.0,4.0,3.0,1.0,2.0,3.0,2.0,1.0,4.0,2.0,3.0,2.0,2.0,4.0,3.0,3.25,2.8333333333333335,3.6,1.8,2.75
109,Female,20,5,Applied Psychology,Not employed,8.09,4.6,4.1,5.8,3,5.0,2.0,2.0,2.0,5.0,4.0,4.0,5.0,5.0,5.0,3.0,2.0,1.0,2.0,1.0,2.0,1.0,2.0,2.0,1.0,,5.0,5.0,5.0,1.0,4.0,2.0,3.75,4.666666666666667,1.8,1.6,5.0
110,Male,21,1,Applied Psychology,Not employed,8.44,4.2,2.7,7.2,2,2.0,1.0,3.0,2.0,2.0,2.0,1.0,1.0,2.0,,4.0,4.0,3.0,4.0,4.0,3.0,2.0,2.0,3.0,3.0,2.0,4.0,2.0,,2.0,2.0,3.0,3.5,1.6,3.8,2.6,2.6666666666666665
111,Male,21,3,Applied Psychology,Part-time,6.78,7.0,3.1,7.6,4,1.0,3.0,1.0,3.0,3.0,,3.0,4.0,3.0,,4.0,4.0,2.0,3.0,3.0,4.0,,4.0,4.0,5.0,2.0,3.0,2.0,1.0,2.0,4.0,2.0,2.0,3.25,3.2,4.25,2.0
112,Female,23,1,Applied Psychology,Not employed,7.92,5.7,2.5,7.1,3,4.0,4.0,3.0,2.0,4.0,3.0,4.0,3.0,2.0,5.0,2.0,2.0,2.0,2.0,2.0,3.0,4.0,2.0,4.0,3.0,4.0,3.0,3.0,2.0,3.0,2.0,2.0,3.25,3.5,2.0,3.2,3.0
113,Female,21,2,Applied Psychology,Not employed,9.17,4.6,1.3,7.6,0,3.0,5.0,2.0,4.0,4.0,3.0,3.0,3.0,4.0,5.0,4.0,3.0,5.0,3.0,3.0,4.0,4.0,4.0,3.0,5.0,2.0,3.0,2.0,4.0,4.0,3.0,4.0,2.0,3.6666666666666665,3.6,4.0,2.75
114,Female,20,1,Psychology,Part-time,7.94,5.7,2.8,6.7,5,2.0,3.0,3.0,4.0,3.0,5.0,4.0,5.0,4.0,4.0,3.0,4.0,3.0,3.0,4.0,,5.0,3.0,3.0,4.0,3.0,4.0,3.0,3.0,4.0,,4.0,2.5,4.166666666666667,3.4,3.75,3.25
115,Female,18,1,Applied Psychology,Not employed,7.21,5.0,2.8,8.5,3,5.0,2.0,3.0,1.0,4.0,4.0,2.0,3.0,3.0,3.0,4.0,5.0,4.0,3.0,5.0,3.0,2.0,2.0,3.0,3.0,2.0,4.0,3.0,2.0,3.0,4.0,4.0,4.25,3.1666666666666665,4.2,2.6,2.75
116,Male,21,3,Applied Psychology,Full-time,7.49,4.1,1.4,8.2,0,1.0,5.0,1.0,5.0,1.0,3.0,3.0,2.0,2.0,3.0,2.0,2.0,2.0,3.0,2.0,2.0,2.0,2.0,2.0,2.0,2.0,2.0,3.0,3.0,3.0,3.0,2.0,1.0,2.3333333333333335,2.2,2.0,2.5
117,Female,21,5,Psychology,Part-time,7.34,3.4,2.5,7.8,2,4.0,2.0,1.0,4.0,2.0,2.0,1.0,1.0,2.0,3.0,1.0,3.0,2.0,2.0,1.0,4.0,5.0,4.0,4.0,5.0,2.0,2.0,2.0,3.0,4.0,3.0,,2.75,1.8333333333333333,1.8,4.4,2.25
118,Female,18,2,Psychology,Not employed,6.95,4.1,3.6,8.2,4,3.0,4.0,3.0,3.0,3.0,2.0,2.0,4.0,2.0,3.0,3.0,2.0,3.0,5.0,4.0,5.0,5.0,4.0,4.0,5.0,4.0,4.0,2.0,3.0,5.0,3.0,5.0,2.75,2.6666666666666665,3.4,4.6,3.25
119,Female,20,5,Social Sciences,Part-time,7.76,5.7,4.1,6.9,0,5.0,1.0,4.0,1.0,4.0,3.0,4.0,4.0,3.0,4.0,1.0,1.0,1.0,1.0,2.0,2.0,2.0,3.0,3.0,2.0,4.0,5.0,3.0,3.0,2.0,3.0,3.0,4.75,3.6666666666666665,1.2,2.4,3.75
120,Male,23,5,Applied Psychology,Part-time,7.29,6.4,3.3,6.0,2,3.0,2.0,5.0,2.0,,4.0,5.0,5.0,4.0,3.0,3.0,2.0,5.0,5.0,3.0,3.0,3.0,1.0,2.0,3.0,4.0,4.0,3.0,4.0,4.0,4.0,3.0,4.0,4.2,3.6,2.4,3.75
121,Female,23,3,Applied Psychology,Not employed,7.8,4.1,2.4,5.5,2,3.0,5.0,2.0,4.0,1.0,2.0,1.0,2.0,3.0,1.0,4.0,4.0,3.0,3.0,3.0,4.0,3.0,4.0,3.0,3.0,1.0,3.0,2.0,4.0,3.0,3.0,2.0,2.0,1.6666666666666667,3.4,3.4,2.5
122,Female,23,3,Applied Psychology,Not employed,7.58,6.9,3.0,5.5,4,,2.0,4.0,2.0,3.0,3.0,3.0,4.0,4.0,1.0,1.0,2.0,3.0,1.0,3.0,5.0,5.0,4.0,4.0,4.0,4.0,3.0,4.0,2.0,3.0,3.0,2.0,4.0,3.0,2.0,4.4,3.25
123,Female,22,1,Psychology,Part-time,7.22,8.1,3.4,6.5,4,5.0,3.0,3.0,1.0,4.0,5.0,3.0,3.0,3.0,5.0,4.0,2.0,2.0,5.0,,3.0,3.0,4.0,1.0,3.0,4.0,3.0,3.0,3.0,2.0,3.0,2.0,4.0,3.8333333333333335,3.25,2.8,3.25
124,Female,18,2,Psychology,Not employed,7.55,8.4,3.5,6.9,2,3.0,1.0,4.0,2.0,3.0,4.0,3.0,4.0,3.0,4.0,3.0,4.0,3.0,2.0,4.0,4.0,2.0,3.0,3.0,,4.0,4.0,2.0,4.0,4.0,3.0,4.0,4.0,3.5,3.2,3.0,3.5
125,Female,18,3,Psychology,Part-time,8.01,3.8,2.0,6.3,3,5.0,3.0,4.0,2.0,3.0,3.0,4.0,2.0,4.0,2.0,2.0,3.0,4.0,2.0,3.0,,2.0,2.0,2.0,3.0,4.0,4.0,4.0,4.0,3.0,3.0,2.0,4.0,3.0,2.8,2.25,4.0
126,Male,27,2,Applied Psychology,Part-time,8.21,4.4,0.9,7.1,3,2.0,5.0,4.0,3.0,4.0,4.0,2.0,2.0,2.0,2.0,4.0,5.0,3.0,4.0,3.0,2.0,3.0,2.0,2.0,2.0,2.0,2.0,2.0,2.0,2.0,4.0,2.0,2.5,2.6666666666666665,3.8,2.2,2.0
127,Prefer not to say,20,2,Applied Psychology,Part-time,8.19,4.2,1.5,8.1,6,3.0,4.0,1.0,5.0,1.0,1.0,2.0,2.0,2.0,1.0,4.0,3.0,5.0,2.0,,5.0,5.0,3.0,4.0,5.0,3.0,3.0,2.0,2.0,5.0,3.0,4.0,1.75,1.5,3.5,4.4,2.5
128,Male,22,5,Applied Psychology,Not employed,7.79,4.4,0.2,7.0,0,3.0,3.0,3.0,2.0,1.0,2.0,2.0,3.0,2.0,2.0,1.0,1.0,3.0,2.0,2.0,3.0,2.0,2.0,2.0,2.0,5.0,3.0,4.0,3.0,2.0,3.0,,3.25,2.0,1.8,2.2,3.75
129,Male,18,1,Applied Psychology,Not employed,7.86,5.5,3.3,6.7,4,2.0,2.0,4.0,2.0,4.0,2.0,1.0,1.0,2.0,2.0,4.0,1.0,1.0,2.0,3.0,1.0,1.0,2.0,1.0,1.0,3.0,4.0,3.0,4.0,2.0,,1.0,3.5,2.0,2.2,1.2,3.5
130,Female,22,1,Psychology,Not employed,7.37,8.4,2.0,7.5,2,5.0,4.0,5.0,1.0,2.0,2.0,4.0,3.0,3.0,2.0,4.0,2.0,3.0,3.0,2.0,1.0,1.0,1.0,1.0,1.0,2.0,1.0,4.0,3.0,1.0,2.0,1.0,4.25,2.6666666666666665,2.8,1.0,2.5
131,Male,20,3,Applied Psychology,Not employed,8.91,3.9,2.6,7.9,0,1.0,4.0,1.0,5.0,2.0,3.0,1.0,3.0,1.0,4.0,3.0,4.0,4.0,3.0,4.0,5.0,5.0,5.0,5.0,4.0,2.0,3.0,1.0,3.0,4.0,3.0,3.0,1.25,2.3333333333333335,3.6,4.8,2.25
132,Female,19,2,Psychology,Not employed,9.1,5.8,2.8,8.5,3,1.0,4.0,1.0,5.0,2.0,1.0,1.0,1.0,2.0,1.0,4.0,4.0,4.0,5.0,5.0,5.0,,4.0,5.0,5.0,1.0,2.0,2.0,1.0,5.0,3.0,5.0,1.25,1.3333333333333333,4.4,4.75,1.5
133,Female,21,1,Applied Psychology,Full-time,8.14,6.2,3.6,7.1,3,4.0,1.0,5.0,1.0,3.0,5.0,3.0,4.0,4.0,2.0,1.0,1.0,1.0,1.0,1.0,1.0,1.0,1.0,1.0,1.0,5.0,5.0,5.0,,1.0,1.0,1.0,4.75,3.5,1.0,1.0,5.0
134,Female,21,2,Psychology,Part-time,8.36,6.5,2.8,6.4,3,5.0,1.0,3.0,2.0,5.0,5.0,4.0,4.0,5.0,5.0,2.0,2.0,1.0,1.0,1.0,1.0,2.0,3.0,3.0,1.0,5.0,4.0,4.0,5.0,2.0,1.0,2.0,4.25,4.666666666666667,1.4,2.0,4.5
135,Male,21,1,Applied Psychology,Not employed,8.9,4.1,1.8,7.6,4,3.0,2.0,2.0,4.0,4.0,4.0,3.0,3.0,5.0,4.0,5.0,3.0,4.0,3.0,5.0,4.0,5.0,4.0,5.0,4.0,1.0,3.0,1.0,1.0,4.0,3.0,5.0,2.75,3.8333333333333335,4.0,4.4,1.5
136,Female,22,4,Psychology,Full-time,7.71,7.8,3.1,6.3,0,5.0,2.0,4.0,2.0,5.0,4.0,5.0,4.0,3.0,5.0,2.0,4.0,3.0,1.0,2.0,1.0,1.0,2.0,3.0,2.0,4.0,4.0,3.0,4.0,1.0,3.0,1.0,4.25,4.333333333333333,2.4,1.8,3.75
137,Male,24,4,Psychology,Full-time,8.92,7.9,3.0,6.5,1,3.0,2.0,3.0,4.0,4.0,4.0,4.0,1.0,3.0,5.0,2.0,3.0,1.0,,2.0,2.0,2.0,2.0,3.0,2.0,3.0,4.0,4.0,4.0,2.0,2.0,1.0,3.0,3.5,2.0,2.2,3.75
138,Female,22,1,Applied Psychology,Not employed,8.28,5.4,1.8,8.0,2,2.0,5.0,2.0,5.0,3.0,2.0,2.0,3.0,2.0,4.0,1.0,3.0,1.0,2.0,2.0,2.0,2.0,4.0,3.0,2.0,4.0,2.0,3.0,3.0,3.0,4.0,2.0,1.5,2.6666666666666665,1.8,2.6,3.0
139,Female,23,5,Applied Psychology,Not employed,8.46,4.1,1.6,8.1,2,2.0,5.0,1.0,3.0,1.0,1.0,1.0,2.0,1.0,1.0,3.0,2.0,3.0,1.0,3.0,4.0,4.0,4.0,4.0,5.0,3.0,1.0,1.0,,2.0,4.0,4.0,1.75,1.1666666666666667,2.4,4.2,1.6666666666666667
140,Female,22,2,Social Sciences,Part-time,7.23,4.1,3.7,7.9,1,2.0,2.0,1.0,5.0,5.0,3.0,2.0,2.0,3.0,,2.0,3.0,2.0,3.0,3.0,4.0,2.0,4.0,2.0,3.0,2.0,1.0,2.0,1.0,2.0,4.0,2.0,2.0,3.0,2.6,3.0,1.5
141,Prefer not to say,24,5,Applied Psychology,Part-time,8.2,5.3,3.0,6.2,2,4.0,1.0,2.0,2.0,4.0,5.0,5.0,3.0,3.0,3.0,4.0,4.0,4.0,2.0,4.0,2.0,3.0,4.0,3.0,3.0,4.0,4.0,4.0,2.0,4.0,5.0,3.0,3.75,3.8333333333333335,3.6,3.0,3.5
142,Male,20,1,Applied Psychology,Part-time,8.39,4.9,2.6,6.5,3,3.0,3.0,4.0,,4.0,4.0,3.0,4.0,5.0,3.0,5.0,5.0,5.0,5.0,5.0,3.0,2.0,4.0,3.0,3.0,2.0,4.0,4.0,3.0,4.0,3.0,4.0,3.3333333333333335,3.8333333333333335,5.0,3.0,3.25
143,Female,22,4,Applied Psychology,Not employed,7.56,5.7,3.8,8.7,2,2.0,3.0,3.0,4.0,4.0,,5.0,4.0,5.0,4.0,3.0,3.0,3.0,5.0,3.0,4.0,5.0,5.0,4.0,3.0,2.0,4.0,3.0,4.0,3.0,3.0,4.0,2.5,4.4,3.4,4.2,3.25
144,Female,20,4,Applied Psychology,Not employed,9.4,3.3,2.2,8.6,2,1.0,4.0,1.0,3.0,4.0,3.0,2.0,3.0,4.0,2.0,4.0,2.0,4.0,2.0,2.0,3.0,3.0,3.0,3.0,2.0,2.0,3.0,3.0,3.0,3.0,3.0,3.0,1.75,3.0,2.8,2.8,2.75
145,Female,21,3,Psychology,Not employed,8.44,8.1,2.6,5.8,1,3.0,2.0,5.0,2.0,4.0,5.0,5.0,5.0,5.0,4.0,4.0,3.0,4.0,3.0,3.0,,3.0,3.0,5.0,4.0,4.0,5.0,5.0,4.0,5.0,2.0,4.0,4.0,4.666666666666667,3.4,3.75,4.5
146,Male,22,5,Applied Psychology,Not employed,8.07,5.3,2.2,6.2,3,5.0,3.0,4.0,3.0,3.0,1.0,3.0,4.0,2.0,2.0,3.0,2.0,3.0,3.0,4.0,,,4.0,3.0,3.0,4.0,3.0,5.0,4.0,4.0,4.0,4.0,3.75,2.5,3.0,3.3333333333333335,4.0
147,Male,19,3,Psychology,Not employed,9.27,5.8,1.2,6.4,3,4.0,2.0,3.0,4.0,2.0,4.0,3.0,4.0,3.0,3.0,5.0,4.0,4.0,3.0,5.0,2.0,2.0,2.0,2.0,2.0,1.0,3.0,1.0,2.0,5.0,3.0,3.0,3.25,3.1666666666666665,4.2,2.0,1.75
148,Male,23,1,Applied Psychology,Not employed,7.52,5.7,2.7,7.9,2,2.0,2.0,2.0,2.0,3.0,3.0,3.0,2.0,4.0,5.0,4.0,4.0,5.0,3.0,3.0,3.0,3.0,2.0,2.0,2.0,2.0,2.0,1.0,1.0,2.0,2.0,3.0,3.0,3.3333333333333335,3.8,2.4,1.5
149,Female,26,3,Psychology,Not employed,8.01,5.9,2.3,5.4,2,3.0,2.0,4.0,3.0,3.0,4.0,4.0,4.0,4.0,5.0,5.0,4.0,4.0,5.0,3.0,4.0,4.0,2.0,2.0,4.0,4.0,2.0,4.0,2.0,4.0,2.0,5.0,3.5,4.0,4.2,3.2,3.0
150,Male,25,2,Applied Psychology,Not employed,7.58,4.4,3.6,7.2,5,3.0,3.0,,1.0,1.0,3.0,1.0,2.0,2.0,2.0,2.0,4.0,4.0,4.0,4.0,3.0,4.0,3.0,3.0,4.0,2.0,4.0,2.0,3.0,3.0,2.0,4.0,3.6666666666666665,1.8333333333333333,3.6,3.4,2.75
151,Male,20,1,Applied Psychology,Not employed,8.66,4.9,2.7,7.3,2,1.0,4.0,2.0,3.0,4.0,2.0,3.0,4.0,4.0,4.0,4.0,5.0,5.0,5.0,5.0,4.0,4.0,3.0,4.0,4.0,2.0,3.0,2.0,3.0,4.0,3.0,5.0,2.0,3.5,4.8,3.8,2.5
152,Female,22,4,Social Sciences,Not employed,8.16,5.8,2.5,7.2,3,5.0,2.0,4.0,1.0,4.0,4.0,3.0,4.0,3.0,3.0,1.0,1.0,1.0,1.0,2.0,1.0,1.0,2.0,2.0,2.0,4.0,5.0,5.0,5.0,1.0,2.0,2.0,4.5,3.5,1.2,1.6,4.75
153,Female,22,1,Applied Psychology,Part-time,8.21,5.4,3.3,5.5,0,3.0,2.0,5.0,4.0,4.0,3.0,1.0,3.0,3.0,4.0,1.0,2.0,3.0,2.0,2.0,1.0,1.0,1.0,2.0,1.0,5.0,5.0,3.0,4.0,2.0,3.0,1.0,3.5,3.0,2.0,1.2,4.25
154,Female,22,5,Applied Psychology,Not employed,8.66,2.9,1.9,7.8,4,2.0,5.0,2.0,3.0,2.0,4.0,1.0,1.0,3.0,1.0,5.0,4.0,5.0,5.0,5.0,,5.0,5.0,4.0,4.0,2.0,2.0,2.0,2.0,5.0,4.0,4.0,2.0,2.0,4.8,4.5,2.0
155,Male,21,2,Applied Psychology,Not employed,9.23,5.2,2.3,7.4,1,2.0,4.0,2.0,5.0,1.0,2.0,1.0,1.0,1.0,3.0,4.0,3.0,4.0,4.0,4.0,4.0,5.0,4.0,4.0,5.0,1.0,1.0,1.0,1.0,5.0,3.0,,1.75,1.5,3.8,4.4,1.0
156,Female,22,4,Psychology,Not employed,8.26,6.7,4.6,7.1,2,2.0,4.0,2.0,4.0,3.0,4.0,4.0,3.0,5.0,4.0,5.0,4.0,4.0,3.0,2.0,3.0,3.0,2.0,,1.0,3.0,2.0,2.0,2.0,2.0,4.0,3.0,2.0,3.8333333333333335,3.6,2.25,2.25
157,Male,26,5,Applied Psychology,Not employed,7.17,5.7,3.3,7.5,4,3.0,3.0,2.0,3.0,5.0,5.0,1.0,4.0,3.0,3.0,2.0,2.0,3.0,2.0,1.0,4.0,4.0,4.0,3.0,2.0,3.0,4.0,2.0,4.0,2.0,3.0,5.0,2.75,3.5,2.0,3.4,3.25
158,Male,23,4,Social Sciences,Not employed,7.43,4.8,1.3,8.1,0,4.0,1.0,5.0,,2.0,3.0,4.0,3.0,4.0,3.0,1.0,2.0,2.0,1.0,2.0,1.0,3.0,2.0,2.0,1.0,5.0,5.0,5.0,4.0,1.0,4.0,1.0,4.666666666666667,3.1666666666666665,1.6,1.8,4.75
159,Female,21,5,Applied Psychology,Not employed,8.03,8.3,2.9,5.1,3,3.0,1.0,4.0,1.0,5.0,5.0,5.0,5.0,4.0,5.0,3.0,2.0,2.0,2.0,3.0,2.0,1.0,1.0,1.0,2.0,5.0,3.0,,,1.0,4.0,1.0,4.25,4.833333333333333,2.4,1.4,4.0
160,Male,24,1,Applied Psychology,Part-time,7.1,5.7,3.3,6.5,2,4.0,1.0,4.0,1.0,4.0,4.0,3.0,4.0,3.0,4.0,4.0,4.0,2.0,3.0,4.0,2.0,3.0,4.0,2.0,1.0,4.0,4.0,2.0,5.0,1.0,3.0,3.0,4.5,3.6666666666666665,3.4,2.4,3.75
161,Female,23,1,Social Sciences,Not employed,8.13,4.6,3.4,5.2,1,5.0,3.0,5.0,2.0,3.0,4.0,3.0,4.0,3.0,2.0,2.0,3.0,2.0,4.0,3.0,2.0,2.0,4.0,2.0,1.0,4.0,3.0,4.0,3.0,2.0,2.0,,4.25,3.1666666666666665,2.8,2.2,3.5
162,Female,22,4,Psychology,Full-time,7.71,6.9,2.8,7.3,1,5.0,,4.0,1.0,4.0,3.0,3.0,3.0,4.0,2.0,1.0,2.0,1.0,2.0,3.0,1.0,1.0,1.0,1.0,2.0,5.0,5.0,5.0,5.0,1.0,3.0,1.0,4.666666666666667,3.1666666666666665,1.8,1.2,5.0
163,Female,18,2,Social Sciences,Full-time,8.35,6.9,2.7,7.0,1,1.0,4.0,2.0,5.0,2.0,3.0,2.0,2.0,2.0,3.0,,1.0,3.0,1.0,3.0,3.0,5.0,5.0,5.0,5.0,2.0,,2.0,1.0,4.0,4.0,3.0,1.5,2.3333333333333335,2.0,4.6,1.6666666666666667
164,Male,23,4,Applied Psychology,Full-time,7.48,6.7,2.3,6.7,2,2.0,4.0,4.0,3.0,3.0,2.0,5.0,3.0,4.0,3.0,3.0,3.0,4.0,2.0,3.0,3.0,4.0,2.0,2.0,2.0,4.0,4.0,2.0,3.0,2.0,3.0,3.0,2.75,3.3333333333333335,3.0,2.6,3.25
165,Male,24,3,Social Sciences,Not employed,8.27,6.1,2.5,6.1,2,3.0,3.0,4.0,3.0,4.0,2.0,5.0,4.0,2.0,2.0,2.0,2.0,1.0,2.0,3.0,2.0,1.0,1.0,2.0,3.0,4.0,5.0,2.0,4.0,2.0,,2.0,3.25,3.1666666666666665,2.0,1.8,3.75
166,Female,29,5,Psychology,Part-time,7.43,2.3,0.6,6.4,3,2.0,3.0,4.0,4.0,2.0,1.0,3.0,4.0,1.0,4.0,3.0,2.0,4.0,4.0,2.0,4.0,4.0,5.0,3.0,4.0,1.0,2.0,1.0,3.0,4.0,4.0,3.0,2.75,2.5,3.0,4.0,1.75
167,Female,26,5,Applied Psychology,Not employed,8.24,7.1,2.0,6.3,2,4.0,2.0,4.0,2.0,2.0,3.0,4.0,3.0,4.0,4.0,1.0,2.0,2.0,2.0,1.0,2.0,1.0,2.0,2.0,2.0,3.0,2.0,3.0,4.0,2.0,4.0,2.0,4.0,3.3333333333333335,1.6,1.8,3.0
168,Male,23,5,Psychology,Full-time,8.47,3.2,1.2,8.4,4,1.0,5.0,2.0,4.0,3.0,2.0,,1.0,1.0,1.0,2.0,2.0,1.0,3.0,3.0,5.0,3.0,4.0,4.0,5.0,1.0,2.0,2.0,2.0,4.0,5.0,5.0,1.5,1.6,2.2,4.2,1.75
169,Male,20,2,Applied Psychology,Not employed,7.38,6.6,2.0,7.2,3,3.0,2.0,3.0,,3.0,2.0,2.0,3.0,3.0,4.0,1.0,2.0,3.0,1.0,1.0,4.0,4.0,4.0,4.0,3.0,3.0,3.0,5.0,4.0,4.0,3.0,4.0,3.3333333333333335,2.8333333333333335,1.6,3.8,3.75
170,Female,19,5,Psychology,Not employed,8.99,7.0,2.0,8.4,1,3.0,2.0,5.0,2.0,3.0,3.0,4.0,2.0,3.0,2.0,4.0,4.0,3.0,3.0,3.0,2.0,5.0,2.0,3.0,4.0,3.0,5.0,2.0,3.0,4.0,4.0,2.0,4.0,2.8333333333333335,3.4,3.2,3.25
171,Female,22,1,Applied Psychology,Not employed,6.45,4.6,2.2,7.7,2,5.0,1.0,5.0,1.0,1.0,3.0,2.0,1.0,2.0,3.0,4.0,3.0,2.0,1.0,3.0,2.0,2.0,3.0,2.0,2.0,4.0,5.0,4.0,5.0,2.0,3.0,3.0,5.0,2.0,2.6,2.2,4.5
172,Male,24,5,Applied Psychology,Not employed,7.83,4.8,4.0,7.2,1,4.0,2.0,4.0,4.0,1.0,2.0,3.0,1.0,2.0,5.0,3.0,1.0,2.0,2.0,1.0,4.0,2.0,3.0,3.0,3.0,3.0,5.0,4.0,5.0,3.0,4.0,1.0,3.5,2.3333333333333335,1.8,3.0,4.25
173,Male,21,2,Applied Psychology,Not employed,7.66,8.7,5.7,5.9,1,5.0,1.0,4.0,3.0,5.0,5.0,5.0,5.0,5.0,5.0,1.0,2.0,3.0,3.0,1.0,1.0,1.0,2.0,1.0,1.0,5.0,5.0,5.0,4.0,3.0,2.0,1.0,4.25,5.0,2.0,1.2,4.75
174,Female,21,2,Applied Psychology,Part-time,8.89,3.2,4.1,7.8,2,1.0,4.0,2.0,2.0,3.0,2.0,1.0,4.0,4.0,4.0,4.0,4.0,4.0,5.0,4.0,4.0,2.0,2.0,4.0,4.0,1.0,2.0,3.0,3.0,4.0,,5.0,2.25,3.0,4.2,3.2,2.25
175,Female,20,2,Applied Psychology,Not employed,7.22,7.7,2.2,5.7,0,5.0,1.0,4.0,2.0,3.0,2.0,3.0,1.0,4.0,3.0,4.0,5.0,4.0,5.0,5.0,1.0,1.0,1.0,1.0,2.0,3.0,3.0,4.0,3.0,2.0,3.0,4.0,4.5,2.6666666666666665,4.6,1.2,3.25
176,Female,19,2,Social Sciences,Part-time,9.1,5.6,2.6,6.8,1,4.0,4.0,4.0,4.0,4.0,3.0,2.0,,3.0,4.0,4.0,2.0,3.0,2.0,2.0,3.0,4.0,3.0,4.0,3.0,3.0,3.0,5.0,2.0,1.0,2.0,3.0,3.0,3.2,2.6,3.4,3.25
177,Female,23,3,Psychology,Not employed,7.27,7.3,2.5,7.4,2,4.0,1.0,4.0,3.0,1.0,2.0,1.0,3.0,2.0,3.0,3.0,4.0,3.0,3.0,2.0,1.0,1.0,1.0,1.0,1.0,2.0,4.0,4.0,4.0,2.0,2.0,3.0,4.0,2.0,3.0,1.0,3.5
178,Female,27,5,Psychology,Part-time,8.36,7.4,3.5,7.0,2,3.0,3.0,4.0,2.0,4.0,4.0,5.0,4.0,2.0,4.0,4.0,4.0,4.0,3.0,4.0,3.0,3.0,5.0,3.0,2.0,4.0,3.0,2.0,4.0,5.0,4.0,5.0,3.5,3.8333333333333335,3.8,3.2,3.25
179,Female,23,1,Social Sciences,Part-time,7.39,7.2,3.1,7.4,1,5.0,1.0,4.0,1.0,5.0,4.0,5.0,5.0,4.0,5.0,,3.0,2.0,2.0,2.0,2.0,2.0,2.0,3.0,2.0,5.0,3.0,3.0,4.0,2.0,1.0,3.0,4.75,4.666666666666667,2.25,2.2,3.75
180,Female,21,3,Psychology,Not employed,7.54,4.7,4.1,9.2,4,1.0,5.0,2.0,5.0,2.0,2.0,2.0,3.0,3.0,1.0,5.0,4.0,4.0,3.0,4.0,4.0,4.0,2.0,4.0,3.0,2.0,1.0,,3.0,4.0,4.0,4.0,1.25,2.1666666666666665,4.0,3.4,2.0
181,Female,22,3,Applied Psychology,Not employed,7.61,5.5,4.0,6.5,2,5.0,2.0,5.0,1.0,3.0,2.0,4.0,2.0,4.0,1.0,1.0,1.0,2.0,1.0,1.0,2.0,2.0,4.0,1.0,2.0,3.0,2.0,3.0,3.0,1.0,2.0,2.0,4.75,2.6666666666666665,1.2,2.2,2.75
182,Female,23,4,Applied Psychology,Not employed,8.24,5.3,3.3,7.5,1,2.0,3.0,3.0,4.0,,2.0,2.0,2.0,2.0,5.0,1.0,3.0,1.0,1.0,1.0,2.0,2.0,2.0,2.0,2.0,2.0,3.0,3.0,2.0,2.0,3.0,2.0,2.5,2.6,1.4,2.0,2.5
183,Female,18,3,Applied Psychology,Not employed,8.75,3.3,2.4,7.5,6,3.0,3.0,2.0,5.0,1.0,1.0,1.0,1.0,1.0,3.0,3.0,2.0,2.0,1.0,1.0,4.0,5.0,5.0,5.0,5.0,3.0,2.0,4.0,3.0,5.0,2.0,5.0,2.25,1.3333333333333333,1.8,4.8,3.0
184,Female,19,5,Applied Psychology,Not employed,8.7,5.7,3.8,7.1,1,5.0,2.0,5.0,1.0,3.0,5.0,4.0,4.0,5.0,5.0,3.0,4.0,3.0,3.0,2.0,1.0,1.0,1.0,1.0,1.0,5.0,5.0,5.0,4.0,1.0,5.0,1.0,4.75,4.333333333333333,3.0,1.0,4.75
185,Male,18,2,Applied Psychology,Not employed,7.54,4.0,3.7,7.8,1,2.0,2.0,4.0,1.0,4.0,4.0,2.0,2.0,3.0,3.0,2.0,1.0,1.0,2.0,2.0,2.0,2.0,1.0,1.0,2.0,3.0,3.0,3.0,5.0,1.0,2.0,2.0,3.75,3.0,1.6,1.6,3.5
186,Female,18,2,Applied Psychology,Part-time,7.66,6.3,4.6,6.2,3,4.0,2.0,2.0,5.0,3.0,,5.0,3.0,4.0,5.0,4.0,2.0,4.0,3.0,2.0,2.0,2.0,2.0,2.0,4.0,3.0,2.0,5.0,3.0,1.0,2.0,4.0,2.75,4.0,3.0,2.4,3.25
187,Female,22,4,Social Sciences,Not employed,7.71,5.0,3.3,7.6,2,1.0,5.0,1.0,3.0,4.0,4.0,5.0,,4.0,4.0,4.0,5.0,4.0,4.0,4.0,3.0,3.0,3.0,3.0,3.0,2.0,3.0,4.0,3.0,4.0,5.0,4.0,1.5,4.2,4.2,3.0,3.0
188,Male,19,3,Applied Psychology,Not employed,7.86,5.1,5.5,6.7,1,4.0,1.0,5.0,1.0,4.0,3.0,3.0,5.0,4.0,4.0,5.0,3.0,3.0,3.0,3.0,3.0,1.0,2.0,3.0,3.0,4.0,1.0,5.0,,1.0,5.0,3.0,4.75,3.8333333333333335,3.4,2.4,3.3333333333333335
189,Female,23,2,Psychology,Full-time,7.9,6.5,3.5,5.4,2,5.0,1.0,5.0,1.0,5.0,4.0,3.0,4.0,4.0,4.0,2.0,1.0,2.0,1.0,1.0,2.0,1.0,2.0,2.0,2.0,5.0,5.0,4.0,4.0,1.0,2.0,2.0,5.0,4.0,1.4,1.8,4.5
190,Female,18,2,Applied Psychology,Not employed,8.25,6.9,1.4,5.7,2,4.0,3.0,3.0,2.0,1.0,2.0,1.0,2.0,1.0,1.0,4.0,2.0,3.0,4.0,3.0,3.0,3.0,4.0,2.0,2.0,5.0,4.0,4.0,4.0,2.0,3.0,5.0,3.5,1.3333333333333333,3.2,2.8,4.25
191,Male,20,4,Applied Psychology,Not employed,7.21,6.7,2.0,6.0,3,3.0,3.0,2.0,3.0,5.0,,4.0,3.0,4.0,3.0,3.0,3.0,4.0,4.0,4.0,5.0,4.0,4.0,4.0,3.0,4.0,3.0,4.0,4.0,4.0,3.0,4.0,2.75,3.8,3.6,4.0,3.75
192,Female,21,2,Applied Psychology,Part-time,8.25,7.6,2.4,7.0,3,3.0,3.0,3.0,1.0,4.0,4.0,5.0,4.0,5.0,4.0,1.0,2.0,3.0,3.0,,2.0,1.0,3.0,2.0,2.0,3.0,3.0,3.0,5.0,2.0,1.0,3.0,3.5,4.333333333333333,2.25,2.0,3.5
193,Female,20,2,Psychology,Not employed,7.94,3.3,1.6,7.7,3,3.0,2.0,4.0,3.0,3.0,2.0,2.0,2.0,1.0,3.0,4.0,2.0,4.0,3.0,4.0,1.0,2.0,1.0,2.0,3.0,2.0,1.0,2.0,1.0,3.0,3.0,2.0,3.5,2.1666666666666665,3.4,1.8,1.5
194,Male,24,2,Applied Psychology,Not employed,8.15,3.8,4.3,7.0,2,3.0,2.0,2.0,3.0,2.0,3.0,3.0,3.0,3.0,1.0,4.0,4.0,4.0,4.0,3.0,4.0,3.0,3.0,4.0,3.0,3.0,3.0,4.0,1.0,4.0,2.0,4.0,3.0,2.5,3.8,3.4,2.75
195,Male,22,3,Applied Psychology,Part-time,8.39,4.9,2.1,6.7,1,4.0,2.0,4.0,3.0,,3.0,2.0,3.0,3.0,1.0,1.0,1.0,1.0,3.0,2.0,3.0,2.0,4.0,2.0,2.0,3.0,2.0,4.0,3.0,2.0,3.0,2.0,3.75,2.4,1.6,2.6,3.0
196,Male,19,2,Applied Psychology,Not employed,8.6,5.9,3.5,7.4,1,1.0,4.0,3.0,4.0,5.0,3.0,4.0,5.0,5.0,4.0,1.0,1.0,2.0,3.0,1.0,2.0,3.0,2.0,3.0,1.0,4.0,4.0,4.0,5.0,3.0,3.0,1.0,2.0,4.333333333333333,1.6,2.2,4.25
197,Female,22,5,Applied Psychology,Not employed,8.77,3.6,1.6,8.6,2,3.0,5.0,1.0,5.0,2.0,2.0,1.0,4.0,2.0,1.0,4.0,4.0,5.0,5.0,5.0,4.0,4.0,5.0,3.0,5.0,2.0,2.0,3.0,3.0,4.0,5.0,5.0,1.5,2.0,4.6,4.2,2.5
198,Prefer not to say,18,4,Psychology,Not employed,7.02,5.9,1.9,8.0,1,3.0,3.0,3.0,4.0,3.0,3.0,2.0,2.0,2.0,4.0,4.0,2.0,3.0,3.0,2.0,2.0,3.0,1.0,2.0,2.0,3.0,4.0,3.0,2.0,1.0,3.0,1.0,2.75,2.6666666666666665,2.8,2.0,3.0
199,Male,20,1,Psychology,Part-time,8.15,7.3,1.7,5.4,1,3.0,4.0,4.0,3.0,3.0,2.0,3.0,2.0,4.0,2.0,4.0,2.0,5.0,5.0,4.0,3.0,2.0,2.0,3.0,3.0,4.0,2.0,3.0,3.0,3.0,2.0,3.0,3.0,2.6666666666666665,4.0,2.6,3.0
200,Female,20,1,Social Sciences,Part-time,8.79,5.1,1.1,7.2,3,1.0,3.0,2.0,5.0,,2.0,1.0,2.0,1.0,1.0,4.0,4.0,3.0,3.0,5.0,4.0,5.0,4.0,5.0,5.0,3.0,2.0,2.0,2.0,5.0,2.0,5.0,1.75,1.4,3.8,4.6,2.25
201,Male,25,3,Applied Psychology,Part-time,8.55,3.8,1.9,8.6,3,1.0,5.0,1.0,5.0,1.0,2.0,2.0,2.0,3.0,1.0,4.0,5.0,4.0,4.0,5.0,5.0,4.0,5.0,5.0,5.0,1.0,1.0,1.0,1.0,4.0,2.0,5.0,1.0,1.8333333333333333,4.4,4.8,1.0
202,Female,20,5,Psychology,Not employed,7.54,4.0,3.2,7.1,3,2.0,4.0,1.0,3.0,2.0,2.0,,3.0,2.0,2.0,1.0,1.0,1.0,2.0,2.0,3.0,3.0,3.0,5.0,3.0,1.0,1.0,1.0,1.0,3.0,4.0,3.0,2.0,2.2,1.4,3.4,1.0
203,Male,21,4,Applied Psychology,Not employed,8.02,5.8,4.6,6.5,2,1.0,4.0,1.0,5.0,5.0,5.0,4.0,5.0,5.0,5.0,5.0,3.0,3.0,3.0,3.0,3.0,3.0,4.0,4.0,2.0,4.0,3.0,4.0,5.0,4.0,4.0,4.0,1.25,4.833333333333333,3.4,3.2,4.0
204,Male,20,2,Applied Psychology,Part-time,8.22,5.5,4.1,8.2,3,1.0,4.0,2.0,5.0,2.0,1.0,3.0,2.0,1.0,1.0,1.0,3.0,,2.0,2.0,4.0,5.0,3.0,4.0,3.0,3.0,1.0,2.0,,4.0,2.0,3.0,1.5,1.6666666666666667,2.0,3.8,2.0
205,Female,23,1,Psychology,Not employed,8.4,6.3,2.7,6.3,3,4.0,2.0,3.0,3.0,2.0,4.0,3.0,3.0,2.0,3.0,3.0,2.0,5.0,4.0,3.0,3.0,4.0,4.0,3.0,4.0,3.0,3.0,4.0,3.0,4.0,3.0,4.0,3.5,2.8333333333333335,3.4,3.6,3.25
206,Female,21,5,Applied Psychology,Not employed,6.83,5.5,2.3,7.5,1,3.0,4.0,4.0,4.0,3.0,3.0,4.0,4.0,3.0,2.0,1.0,2.0,1.0,2.0,1.0,1.0,2.0,2.0,2.0,2.0,3.0,3.0,3.0,2.0,3.0,2.0,1.0,2.75,3.1666666666666665,1.4,1.8,2.75
207,Male,19,5,Applied Psychology,Not employed,8.58,5.8,3.2,7.5,4,2.0,3.0,5.0,3.0,3.0,5.0,5.0,2.0,4.0,1.0,4.0,3.0,4.0,4.0,4.0,3.0,4.0,4.0,5.0,4.0,2.0,2.0,3.0,1.0,4.0,4.0,3.0,3.25,3.3333333333333335,3.8,4.0,2.0
208,Female,23,2,Applied Psychology,Not employed,7.24,3.8,2.4,5.6,2,5.0,1.0,5.0,2.0,2.0,3.0,4.0,3.0,4.0,1.0,3.0,3.0,2.0,3.0,1.0,2.0,1.0,2.0,2.0,2.0,3.0,2.0,3.0,3.0,2.0,3.0,1.0,4.75,2.8333333333333335,2.4,1.8,2.75
209,Female,18,1,Psychology,Full-time,8.31,7.2,1.3,7.5,2,2.0,5.0,2.0,4.0,4.0,4.0,4.0,3.0,4.0,1.0,,3.0,3.0,4.0,3.0,4.0,3.0,4.0,4.0,3.0,4.0,3.0,4.0,1.0,3.0,2.0,4.0,1.75,3.3333333333333335,3.25,3.6,3.0
210,Male,19,2,Psychology,Not employed,7.73,2.1,0.2,9.5,3,1.0,5.0,1.0,5.0,1.0,1.0,1.0,1.0,1.0,1.0,4.0,,3.0,4.0,2.0,5.0,5.0,5.0,5.0,5.0,1.0,2.0,3.0,2.0,5.0,2.0,4.0,1.0,1.0,3.25,5.0,2.0
211,Female,19,2,Applied Psychology,Part-time,8.1,7.4,1.4,8.6,1,1.0,4.0,2.0,5.0,3.0,3.0,3.0,2.0,3.0,4.0,3.0,5.0,2.0,3.0,3.0,3.0,3.0,4.0,2.0,2.0,,2.0,2.0,2.0,3.0,2.0,3.0,1.5,3.0,3.2,2.8,2.0
212,Male,19,2,Applied Psychology,Part-time,8.37,5.5,2.3,9.3,4,2.0,5.0,1.0,,1.0,2.0,2.0,1.0,2.0,2.0,5.0,4.0,5.0,4.0,5.0,5.0,4.0,4.0,4.0,5.0,1.0,2.0,2.0,2.0,4.0,3.0,4.0,1.3333333333333333,1.6666666666666667,4.6,4.4,1.75
213,Male,22,2,Applied Psychology,Not employed,7.78,6.1,3.8,6.7,2,3.0,3.0,3.0,2.0,4.0,4.0,3.0,4.0,2.0,4.0,5.0,5.0,3.0,5.0,3.0,1.0,1.0,1.0,1.0,1.0,3.0,4.0,3.0,3.0,2.0,2.0,3.0,3.25,3.5,4.2,1.0,3.25
214,Prefer not to say,23,1,Applied Psychology,Part-time,7.44,6.3,4.7,6.5,4,4.0,3.0,5.0,2.0,5.0,4.0,5.0,4.0,4.0,5.0,1.0,1.0,1.0,1.0,2.0,3.0,2.0,3.0,3.0,3.0,5.0,5.0,5.0,5.0,2.0,2.0,2.0,4.0,4.5,1.2,2.8,5.0
215,Female,21,3,Applied Psychology,Part-time,8.51,5.5,3.9,6.7,1,4.0,3.0,5.0,3.0,4.0,1.0,2.0,3.0,4.0,2.0,5.0,2.0,3.0,2.0,3.0,1.0,1.0,1.0,2.0,2.0,2.0,2.0,1.0,3.0,3.0,4.0,2.0,3.75,2.6666666666666665,3.0,1.4,2.0
216,Female,22,1,Psychology,Not employed,8.88,6.0,3.7,6.3,0,4.0,1.0,2.0,2.0,4.0,3.0,2.0,4.0,4.0,4.0,2.0,3.0,3.0,4.0,1.0,2.0,3.0,3.0,3.0,,2.0,4.0,2.0,3.0,3.0,3.0,4.0,3.75,3.5,2.6,2.75,2.75
217,Female,23,3,Applied Psychology,Not employed,8.71,6.3,2.0,6.9,1,1.0,5.0,2.0,4.0,2.0,1.0,4.0,2.0,4.0,4.0,5.0,1.0,4.0,4.0,5.0,3.0,3.0,4.0,4.0,4.0,1.0,2.0,2.0,2.0,4.0,3.0,4.0,1.5,2.8333333333333335,3.8,3.6,1.75
218,Male,20,4,Applied Psychology,Part-time,8.94,7.5,3.0,6.0,2,2.0,4.0,3.0,4.0,5.0,4.0,4.0,3.0,4.0,3.0,5.0,4.0,5.0,5.0,4.0,4.0,4.0,3.0,4.0,4.0,2.0,1.0,2.0,2.0,4.0,5.0,3.0,2.25,3.8333333333333335,4.6,3.8,1.75
219,Female,23,4,Psychology,Not employed,7.25,6.0,3.0,7.1,2,4.0,2.0,4.0,2.0,4.0,2.0,3.0,3.0,4.0,2.0,4.0,5.0,5.0,4.0,5.0,2.0,3.0,4.0,3.0,3.0,1.0,3.0,3.0,3.0,3.0,4.0,5.0,4.0,3.0,4.6,3.0,2.5
220,Female,23,5,Applied Psychology,Part-time,8.59,6.2,2.1,7.7,3,1.0,5.0,1.0,5.0,2.0,2.0,2.0,3.0,2.0,3.0,3.0,4.0,3.0,3.0,3.0,5.0,3.0,4.0,5.0,4.0,1.0,1.0,1.0,1.0,4.0,,3.0,1.0,2.3333333333333335,3.2,4.2,1.0
221,Male,18,1,Applied Psychology,Not employed,9.02,6.1,2.6,7.3,1,3.0,3.0,2.0,3.0,3.0,3.0,3.0,3.0,3.0,3.0,3.0,5.0,4.0,4.0,3.0,4.0,3.0,2.0,2.0,4.0,2.0,4.0,2.0,3.0,5.0,3.0,3.0,2.75,3.0,3.8,3.0,2.75
222,Female,23,1,Applied Psychology,Part-time,9.67,6.7,5.4,6.3,1,5.0,2.0,3.0,3.0,4.0,4.0,5.0,4.0,5.0,5.0,4.0,3.0,2.0,4.0,2.0,2.0,1.0,1.0,1.0,1.0,5.0,5.0,5.0,5.0,2.0,2.0,1.0,3.75,4.5,3.0,1.2,5.0
223,Female,21,5,Psychology,Not employed,7.36,5.3,1.8,6.9,3,3.0,2.0,5.0,3.0,1.0,1.0,2.0,3.0,2.0,1.0,3.0,3.0,2.0,2.0,4.0,2.0,1.0,1.0,1.0,1.0,4.0,4.0,4.0,5.0,3.0,4.0,1.0,3.75,1.6666666666666667,2.8,1.2,4.25
224,Female,21,1,Psychology,Part-time,8.32,6.0,4.7,7.0,4,4.0,4.0,4.0,2.0,4.0,4.0,3.0,5.0,3.0,4.0,5.0,4.0,3.0,4.0,3.0,3.0,3.0,2.0,2.0,4.0,3.0,3.0,1.0,2.0,2.0,3.0,2.0,3.5,3.8333333333333335,3.8,2.8,2.25
225,Male,25,1,Applied Psychology,Not employed,8.61,5.9,2.7,6.3,3,3.0,2.0,3.0,4.0,4.0,4.0,4.0,2.0,1.0,2.0,3.0,3.0,4.0,4.0,4.0,4.0,2.0,4.0,4.0,4.0,4.0,2.0,4.0,2.0,4.0,2.0,3.0,3.0,2.8333333333333335,3.6,3.6,3.0
226,Female,23,2,Applied Psychology,Not employed,8.43,4.4,3.2,6.9,3,1.0,4.0,2.0,3.0,5.0,5.0,5.0,4.0,4.0,3.0,3.0,5.0,3.0,4.0,5.0,2.0,2.0,3.0,3.0,2.0,3.0,3.0,5.0,3.0,2.0,3.0,,2.0,4.333333333333333,4.0,2.4,3.5
227,Female,22,4,Psychology,Part-time,8.63,7.3,2.2,7.1,4,1.0,3.0,3.0,3.0,3.0,3.0,2.0,2.0,2.0,2.0,3.0,3.0,5.0,5.0,4.0,5.0,5.0,5.0,5.0,5.0,3.0,2.0,3.0,1.0,5.0,4.0,5.0,2.5,2.3333333333333335,4.0,5.0,2.25
228,Male,22,2,Social Sciences,Part-time,8.23,5.8,2.3,7.3,4,3.0,5.0,3.0,2.0,4.0,2.0,3.0,3.0,4.0,3.0,2.0,1.0,3.0,1.0,2.0,3.0,3.0,3.0,3.0,5.0,1.0,1.0,1.0,1.0,3.0,4.0,3.0,2.75,3.1666666666666665,1.8,3.4,1.0
229,Female,19,5,Applied Psychology,Part-time,7.44,4.7,1.8,7.5,2,3.0,2.0,2.0,4.0,2.0,3.0,2.0,2.0,4.0,3.0,2.0,2.0,3.0,3.0,2.0,4.0,3.0,2.0,4.0,,3.0,3.0,4.0,3.0,,3.0,3.0,2.75,2.6666666666666665,2.4,3.25,3.25
230,Female,21,3,Applied Psychology,Not employed,8.64,7.5,2.5,6.8,2,1.0,3.0,3.0,2.0,4.0,5.0,4.0,2.0,3.0,3.0,3.0,2.0,3.0,4.0,3.0,3.0,4.0,3.0,3.0,5.0,3.0,3.0,3.0,2.0,3.0,3.0,4.0,2.75,3.5,3.0,3.6,2.75
231,Female,23,3,Psychology,Part-time,8.06,6.1,3.1,6.2,1,4.0,3.0,4.0,2.0,,5.0,5.0,4.0,4.0,4.0,1.0,2.0,1.0,1.0,1.0,2.0,1.0,4.0,1.0,2.0,3.0,5.0,1.0,3.0,1.0,3.0,1.0,3.75,4.4,1.2,2.0,3.0
232,Female,23,1,Applied Psychology,Not employed,8.21,4.9,0.5,8.3,4,1.0,4.0,1.0,5.0,1.0,1.0,2.0,1.0,2.0,2.0,5.0,5.0,5.0,5.0,5.0,5.0,4.0,4.0,5.0,5.0,1.0,2.0,2.0,2.0,4.0,3.0,5.0,1.25,1.5,5.0,4.6,1.75
233,Female,20,4,Applied Psychology,Not employed,8.13,7.0,4.8,6.9,0,5.0,2.0,2.0,3.0,4.0,5.0,5.0,5.0,5.0,4.0,4.0,3.0,4.0,4.0,4.0,2.0,2.0,2.0,1.0,2.0,5.0,4.0,5.0,4.0,1.0,5.0,2.0,3.5,4.666666666666667,3.8,1.8,4.5
234,Male,25,4,Psychology,Not employed,7.04,5.7,1.3,6.3,3,4.0,3.0,3.0,2.0,2.0,3.0,4.0,4.0,4.0,3.0,1.0,1.0,3.0,1.0,2.0,3.0,2.0,3.0,3.0,3.0,5.0,2.0,4.0,3.0,2.0,2.0,3.0,3.5,3.3333333333333335,1.6,2.8,3.5
235,Male,24,2,Psychology,Not employed,7.3,6.8,2.6,6.3,1,2.0,3.0,1.0,4.0,4.0,4.0,5.0,4.0,4.0,4.0,1.0,2.0,3.0,2.0,2.0,3.0,2.0,4.0,4.0,,3.0,3.0,3.0,3.0,4.0,3.0,,2.0,4.166666666666667,2.0,3.25,3.0
236,Female,21,5,Applied Psychology,Full-time,8.04,4.4,2.2,7.5,2,2.0,5.0,2.0,2.0,2.0,1.0,2.0,1.0,1.0,1.0,3.0,3.0,3.0,4.0,4.0,4.0,4.0,5.0,3.0,4.0,2.0,1.0,1.0,1.0,4.0,4.0,4.0,2.25,1.3333333333333333,3.4,4.0,1.25
237,Female,23,3,Applied Psychology,Part-time,8.5,8.0,2.7,7.0,2,1.0,2.0,3.0,2.0,4.0,5.0,4.0,4.0,5.0,4.0,5.0,5.0,4.0,5.0,5.0,4.0,4.0,3.0,3.0,3.0,3.0,4.0,3.0,4.0,4.0,3.0,4.0,3.0,4.333333333333333,4.8,3.4,3.5
238,Male,18,1,Applied Psychology,Part-time,8.51,4.8,2.0,7.0,2,2.0,5.0,2.0,4.0,3.0,4.0,3.0,3.0,3.0,2.0,2.0,2.0,3.0,4.0,3.0,4.0,3.0,2.0,4.0,2.0,4.0,4.0,3.0,3.0,2.0,2.0,4.0,1.75,3.0,2.8,3.0,3.5
239,Male,21,3,Psychology,Part-time,9.21,5.9,1.5,6.5,2,1.0,3.0,1.0,5.0,4.0,2.0,3.0,2.0,1.0,3.0,3.0,,2.0,3.0,5.0,4.0,4.0,3.0,3.0,2.0,2.0,3.0,1.0,3.0,3.0,3.0,2.0,1.5,2.5,3.25,3.2,2.25
240,Female,20,4,Applied Psychology,Not employed,8.49,3.6,3.1,7.2,2,4.0,3.0,4.0,3.0,2.0,1.0,1.0,2.0,2.0,3.0,2.0,,2.0,1.0,1.0,3.0,4.0,2.0,3.0,2.0,4.0,4.0,4.0,4.0,2.0,3.0,3.0,3.5,1.8333333333333333,1.5,2.8,4.0
241,Female,21,5,Applied Psychology,Not employed,7.89,4.3,1.1,8.1,4,1.0,4.0,1.0,2.0,1.0,1.0,1.0,1.0,3.0,3.0,2.0,2.0,2.0,2.0,3.0,2.0,4.0,3.0,3.0,2.0,1.0,1.0,1.0,1.0,3.0,3.0,3.0,2.0,1.6666666666666667,2.2,2.8,1.0
242,Male,22,3,Applied Psychology,Not employed,8.44,2.7,3.5,7.1,3,5.0,1.0,4.0,1.0,2.0,4.0,3.0,2.0,2.0,3.0,3.0,3.0,1.0,2.0,1.0,2.0,2.0,1.0,1.0,2.0,3.0,4.0,4.0,4.0,1.0,5.0,1.0,4.75,2.6666666666666665,2.0,1.6,3.75
243,Female,20,2,Applied Psychology,Not employed,8.03,5.4,3.7,5.8,2,4.0,3.0,3.0,4.0,,4.0,5.0,5.0,5.0,4.0,2.0,4.0,3.0,3.0,3.0,2.0,2.0,3.0,2.0,2.0,5.0,4.0,4.0,3.0,2.0,3.0,4.0,3.0,4.6,3.0,2.2,4.0
244,Female,19,3,Psychology,Not employed,7.51,6.3,3.2,7.4,2,2.0,4.0,2.0,4.0,3.0,3.0,,2.0,3.0,,4.0,2.0,4.0,4.0,4.0,4.0,4.0,3.0,5.0,5.0,1.0,1.0,1.0,2.0,5.0,3.0,,2.0,2.75,3.6,4.2,1.25
245,Male,23,3,Psychology,Part-time,8.67,7.9,3.7,7.1,2,4.0,4.0,1.0,4.0,4.0,3.0,3.0,4.0,4.0,4.0,4.0,3.0,5.0,4.0,5.0,4.0,4.0,4.0,5.0,3.0,2.0,2.0,3.0,3.0,5.0,4.0,5.0,2.25,3.6666666666666665,4.2,4.0,2.5
246,Female,24,5,Psychology,Not employed,9.26,5.9,6.1,6.2,3,3.0,3.0,2.0,3.0,4.0,4.0,5.0,5.0,4.0,5.0,,3.0,5.0,,5.0,3.0,5.0,3.0,5.0,2.0,4.0,4.0,5.0,5.0,3.0,4.0,5.0,2.75,4.5,4.333333333333333,3.6,4.5
247,Female,20,4,Applied Psychology,Part-time,8.39,3.8,2.2,7.5,3,4.0,2.0,4.0,,3.0,,3.0,2.0,2.0,2.0,4.0,4.0,5.0,4.0,4.0,5.0,5.0,4.0,4.0,3.0,3.0,2.0,3.0,3.0,2.0,3.0,5.0,4.0,2.4,4.2,4.2,2.75
248,Female,21,3,Psychology,Part-time,8.33,6.9,1.9,6.3,4,4.0,4.0,4.0,3.0,4.0,2.0,2.0,1.0,3.0,2.0,1.0,2.0,1.0,1.0,2.0,3.0,2.0,2.0,4.0,4.0,2.0,2.0,1.0,,1.0,3.0,3.0,3.25,2.3333333333333335,1.4,3.0,1.6666666666666667
249,Male,25,5,Applied Psychology,Not employed,9.36,5.6,4.1,6.9,3,3.0,5.0,2.0,1.0,4.0,3.0,4.0,3.0,4.0,3.0,5.0,3.0,3.0,5.0,5.0,2.0,3.0,1.0,2.0,1.0,4.0,4.0,4.0,3.0,3.0,5.0,3.0,2.75,3.5,4.2,1.8,3.75
250,Male,21,3,Applied Psychology,Not employed,7.87,3.9,1.0,7.2,3,4.0,3.0,4.0,2.0,2.0,3.0,3.0,3.0,4.0,2.0,3.0,4.0,3.0,2.0,2.0,3.0,1.0,3.0,1.0,1.0,2.0,3.0,1.0,2.0,3.0,2.0,3.0,3.75,2.8333333333333335,2.8,1.8,2.0
251,Male,23,1,Psychology,Part-time,8.34,6.7,3.3,5.9,3,4.0,3.0,3.0,2.0,4.0,5.0,2.0,5.0,4.0,4.0,2.0,2.0,2.0,3.0,3.0,1.0,1.0,1.0,1.0,2.0,5.0,5.0,5.0,4.0,2.0,3.0,3.0,3.5,4.0,2.4,1.2,4.75
252,Male,24,2,Applied Psychology,Part-time,8.99,6.5,2.6,6.3,1,5.0,1.0,5.0,1.0,3.0,4.0,5.0,5.0,4.0,5.0,1.0,,1.0,1.0,2.0,1.0,1.0,1.0,2.0,2.0,5.0,5.0,5.0,5.0,1.0,4.0,2.0,5.0,4.333333333333333,1.25,1.4,5.0
253,Prefer not to say,23,3,Social Sciences,Not employed,8.72,4.6,3.6,7.2,0,1.0,3.0,2.0,4.0,2.0,2.0,2.0,2.0,3.0,2.0,3.0,2.0,1.0,2.0,2.0,3.0,2.0,2.0,3.0,3.0,3.0,3.0,3.0,2.0,2.0,2.0,2.0,2.0,2.1666666666666665,2.0,2.6,2.75
254,Male,24,4,Applied Psychology,Part-time,6.94,5.4,3.1,6.3,1,1.0,5.0,2.0,3.0,2.0,3.0,1.0,1.0,2.0,1.0,4.0,4.0,1.0,2.0,,4.0,4.0,3.0,4.0,4.0,3.0,3.0,2.0,2.0,,4.0,3.0,1.75,1.6666666666666667,2.75,3.8,2.5
255,Male,18,1,Social Sciences,Not employed,7.35,6.6,1.7,6.3,1,4.0,3.0,2.0,2.0,3.0,,2.0,3.0,2.0,1.0,5.0,3.0,4.0,3.0,4.0,2.0,4.0,2.0,3.0,3.0,3.0,3.0,4.0,3.0,2.0,3.0,3.0,3.25,2.2,3.8,2.8,3.25
256,Female,19,1,Applied Psychology,Not employed,7.5,3.3,0.8,8.2,3,4.0,2.0,3.0,3.0,1.0,2.0,2.0,1.0,1.0,1.0,4.0,3.0,2.0,3.0,5.0,3.0,3.0,2.0,4.0,5.0,2.0,,2.0,1.0,5.0,3.0,4.0,3.5,1.3333333333333333,3.4,3.4,1.6666666666666667
257,Male,22,2,Applied Psychology,Part-time,7.98,7.5,4.2,6.4,2,4.0,3.0,2.0,2.0,4.0,4.0,5.0,4.0,5.0,4.0,4.0,4.0,3.0,3.0,4.0,3.0,1.0,3.0,1.0,1.0,3.0,4.0,5.0,4.0,3.0,4.0,1.0,3.25,4.333333333333333,3.6,1.8,4.0
258,Female,23,2,Applied Psychology,Not employed,7.18,5.8,3.0,6.0,2,3.0,1.0,5.0,1.0,4.0,3.0,3.0,4.0,3.0,3.0,3.0,2.0,1.0,4.0,4.0,1.0,1.0,1.0,1.0,1.0,1.0,3.0,2.0,,1.0,3.0,2.0,4.5,3.3333333333333335,2.8,1.0,2.0
259,Female,21,3,Psychology,Not employed,8.34,4.9,3.6,5.6,1,3.0,5.0,4.0,4.0,5.0,4.0,5.0,3.0,4.0,4.0,4.0,3.0,3.0,3.0,3.0,3.0,2.0,3.0,5.0,5.0,4.0,2.0,4.0,2.0,4.0,4.0,4.0,2.5,4.166666666666667,3.2,3.6,3.0
260,Female,22,3,Applied Psychology,Not employed,9.18,7.0,4.9,7.1,0,4.0,,3.0,3.0,4.0,4.0,5.0,,3.0,5.0,3.0,5.0,3.0,3.0,2.0,1.0,1.0,1.0,1.0,1.0,3.0,5.0,4.0,,2.0,2.0,2.0,3.3333333333333335,4.2,3.2,1.0,4.0
261,Male,23,5,Applied Psychology,Full-time,7.52,7.1,3.1,6.7,5,3.0,2.0,3.0,4.0,2.0,4.0,4.0,4.0,2.0,2.0,2.0,1.0,3.0,2.0,2.0,3.0,4.0,2.0,3.0,2.0,3.0,3.0,3.0,4.0,3.0,4.0,2.0,3.0,3.0,2.0,2.8,3.25
262,Male,23,3,Applied Psychology,Not employed,8.43,4.6,1.6,8.5,2,3.0,5.0,3.0,4.0,2.0,1.0,1.0,2.0,1.0,3.0,5.0,3.0,4.0,4.0,3.0,3.0,4.0,4.0,4.0,5.0,2.0,1.0,2.0,2.0,4.0,4.0,4.0,2.25,1.6666666666666667,3.8,4.0,1.75
263,Female,20,5,Applied Psychology,Not employed,6.68,5.8,2.8,8.5,2,1.0,5.0,1.0,,3.0,4.0,2.0,2.0,1.0,,3.0,5.0,3.0,5.0,3.0,5.0,5.0,5.0,5.0,4.0,1.0,2.0,1.0,2.0,5.0,4.0,2.0,1.0,2.4,3.8,4.8,1.5
264,Male,22,5,Applied Psychology,Full-time,8.04,5.6,4.0,5.8,4,4.0,1.0,4.0,2.0,3.0,2.0,3.0,2.0,2.0,3.0,2.0,2.0,4.0,3.0,2.0,5.0,5.0,5.0,5.0,5.0,2.0,2.0,5.0,4.0,4.0,3.0,3.0,4.25,2.5,2.6,5.0,3.25
265,Prefer not to say,27,1,Applied Psychology,Not employed,8.38,6.3,4.1,6.2,2,3.0,4.0,3.0,3.0,5.0,3.0,4.0,4.0,1.0,3.0,1.0,3.0,2.0,4.0,3.0,3.0,2.0,3.0,2.0,3.0,4.0,5.0,2.0,4.0,3.0,4.0,3.0,2.75,3.3333333333333335,2.6,2.6,3.75
266,Female,22,2,Psychology,Not employed,7.42,7.0,2.9,6.1,3,2.0,3.0,2.0,4.0,2.0,5.0,5.0,3.0,4.0,4.0,4.0,5.0,5.0,4.0,5.0,3.0,4.0,1.0,3.0,5.0,2.0,2.0,1.0,2.0,3.0,2.0,2.0,2.25,3.8333333333333335,4.6,3.2,1.75
267,Female,20,5,Applied Psychology,Not employed,8.01,4.1,1.3,8.1,4,1.0,5.0,3.0,4.0,2.0,3.0,2.0,3.0,2.0,2.0,2.0,1.0,4.0,2.0,4.0,3.0,3.0,3.0,4.0,3.0,2.0,2.0,1.0,1.0,3.0,4.0,5.0,1.75,2.3333333333333335,2.6,3.2,1.5
268,Female,22,3,Social Sciences,Part-time,8.93,3.9,1.0,8.0,3,3.0,3.0,1.0,3.0,2.0,3.0,2.0,2.0,2.0,2.0,3.0,5.0,3.0,3.0,4.0,5.0,3.0,,3.0,4.0,3.0,3.0,3.0,2.0,4.0,3.0,3.0,2.5,2.1666666666666665,3.6,3.75,2.75
269,Male,25,3,Psychology,Not employed,8.44,4.1,2.8,6.3,1,3.0,3.0,3.0,3.0,4.0,4.0,4.0,2.0,3.0,3.0,5.0,5.0,5.0,5.0,5.0,5.0,2.0,4.0,4.0,2.0,5.0,5.0,3.0,5.0,4.0,4.0,4.0,3.0,3.3333333333333335,5.0,3.4,4.5
270,Female,20,3,Applied Psychology,Full-time,7.76,6.5,2.8,7.3,3,5.0,2.0,5.0,3.0,4.0,5.0,4.0,2.0,1.0,3.0,2.0,2.0,1.0,1.0,1.0,2.0,3.0,2.0,1.0,3.0,2.0,4.0,4.0,5.0,2.0,2.0,3.0,4.25,3.1666666666666665,1.4,2.2,3.75
271,Female,20,1,Psychology,Part-time,6.53,7.0,2.0,8.8,2,,4.0,3.0,4.0,2.0,3.0,3.0,2.0,2.0,3.0,2.0,3.0,3.0,3.0,5.0,4.0,4.0,5.0,5.0,5.0,1.0,2.0,2.0,1.0,3.0,3.0,5.0,2.3333333333333335,2.5,3.2,4.6,1.5
272,Female,18,2,Applied Psychology,Not employed,8.04,5.9,3.0,7.6,0,3.0,4.0,2.0,3.0,1.0,2.0,3.0,3.0,2.0,3.0,2.0,1.0,2.0,2.0,1.0,5.0,3.0,2.0,2.0,2.0,5.0,4.0,4.0,5.0,2.0,3.0,2.0,2.5,2.3333333333333335,1.6,2.8,4.5
273,Male,18,4,Applied Psychology,Not employed,8.49,7.4,3.2,6.7,3,2.0,3.0,5.0,3.0,4.0,4.0,5.0,4.0,4.0,4.0,5.0,5.0,5.0,5.0,4.0,3.0,3.0,3.0,2.0,3.0,2.0,3.0,4.0,4.0,5.0,4.0,4.0,3.25,4.166666666666667,4.8,2.8,3.25
274,Male,26,4,Applied Psychology,Part-time,8.04,6.1,2.7,7.7,2,,3.0,5.0,4.0,1.0,1.0,3.0,1.0,2.0,1.0,3.0,4.0,4.0,4.0,3.0,2.0,2.0,4.0,3.0,2.0,2.0,4.0,4.0,5.0,4.0,4.0,2.0,3.3333333333333335,1.5,3.6,2.6,3.75
275,Male,18,5,Applied Psychology,Not employed,7.72,4.3,1.7,8.1,1,3.0,3.0,3.0,5.0,2.0,2.0,2.0,1.0,,2.0,5.0,5.0,5.0,5.0,5.0,3.0,4.0,3.0,2.0,2.0,1.0,2.0,2.0,1.0,4.0,5.0,4.0,2.5,1.8,5.0,2.8,1.5
276,Prefer not to say,19,1,Psychology,Part-time,9.18,4.3,3.7,7.7,4,2.0,3.0,3.0,3.0,2.0,4.0,3.0,3.0,3.0,4.0,,2.0,3.0,5.0,3.0,4.0,3.0,5.0,4.0,5.0,2.0,4.0,2.0,3.0,,3.0,4.0,2.75,3.1666666666666665,3.25,4.2,2.75
277,Male,21,1,Social Sciences,Not employed,7.97,5.7,3.6,7.4,3,3.0,2.0,3.0,2.0,4.0,5.0,5.0,5.0,5.0,4.0,4.0,5.0,5.0,4.0,4.0,3.0,3.0,3.0,3.0,3.0,3.0,4.0,5.0,4.0,3.0,4.0,3.0,3.5,4.666666666666667,4.4,3.0,4.0
278,Female,19,4,Applied Psychology,Not employed,8.04,4.6,1.8,7.5,1,2.0,3.0,3.0,3.0,4.0,2.0,3.0,3.0,2.0,3.0,2.0,2.0,2.0,1.0,1.0,3.0,3.0,3.0,2.0,4.0,4.0,3.0,5.0,4.0,4.0,4.0,3.0,2.75,2.8333333333333335,1.6,3.0,4.0
279,Female,18,1,Applied Psychology,Not employed,8.51,4.7,3.0,7.5,3,4.0,1.0,3.0,2.0,4.0,4.0,4.0,3.0,4.0,4.0,5.0,5.0,5.0,5.0,5.0,3.0,3.0,4.0,2.0,3.0,4.0,3.0,5.0,4.0,4.0,2.0,4.0,4.0,3.8333333333333335,5.0,3.0,4.0
280,Female,21,1,Applied Psychology,Part-time,8.63,6.0,1.1,7.3,4,3.0,3.0,1.0,4.0,2.0,2.0,2.0,3.0,1.0,4.0,4.0,3.0,4.0,5.0,5.0,5.0,5.0,5.0,5.0,5.0,1.0,2.0,2.0,2.0,5.0,3.0,5.0,2.25,2.3333333333333335,4.2,5.0,1.75
281,Male,24,5,Psychology,Not employed,8.7,3.4,2.0,7.9,4,4.0,2.0,4.0,1.0,1.0,2.0,2.0,2.0,2.0,1.0,5.0,5.0,5.0,4.0,3.0,3.0,4.0,3.0,4.0,3.0,4.0,4.0,2.0,3.0,2.0,4.0,2.0,4.25,1.6666666666666667,4.4,3.4,3.25
282,Male,23,2,Psychology,Not employed,8.06,4.6,1.4,5.6,2,4.0,4.0,4.0,3.0,2.0,4.0,,1.0,3.0,2.0,2.0,4.0,3.0,2.0,2.0,2.0,2.0,2.0,2.0,3.0,3.0,2.0,2.0,2.0,,3.0,3.0,3.25,2.4,2.6,2.2,2.25
283,Female,21,2,Applied Psychology,Not employed,8.82,3.6,2.2,7.8,4,1.0,4.0,,2.0,3.0,1.0,2.0,2.0,1.0,2.0,3.0,4.0,4.0,3.0,4.0,3.0,4.0,3.0,4.0,3.0,1.0,2.0,4.0,2.0,,3.0,5.0,2.3333333333333335,1.8333333333333333,3.6,3.4,2.25
284,Female,23,5,Applied Psychology,Part-time,7.63,3.7,1.9,8.7,3,2.0,3.0,2.0,5.0,2.0,1.0,2.0,3.0,2.0,3.0,4.0,4.0,4.0,5.0,5.0,4.0,4.0,5.0,5.0,4.0,1.0,1.0,1.0,1.0,5.0,3.0,5.0,2.0,2.1666666666666665,4.4,4.4,1.0
285,Male,18,2,Applied Psychology,Not employed,8.07,5.9,1.7,7.5,1,3.0,5.0,2.0,5.0,2.0,2.0,1.0,1.0,3.0,1.0,2.0,3.0,3.0,3.0,3.0,4.0,4.0,5.0,3.0,5.0,2.0,2.0,3.0,2.0,4.0,3.0,4.0,1.75,1.6666666666666667,2.8,4.2,2.25
286,Male,21,3,Applied Psychology,Part-time,7.66,3.0,2.3,7.9,1,2.0,4.0,2.0,2.0,2.0,2.0,1.0,1.0,2.0,1.0,3.0,3.0,3.0,3.0,3.0,3.0,3.0,5.0,2.0,5.0,2.0,3.0,2.0,2.0,4.0,4.0,2.0,2.5,1.5,3.0,3.6,2.25
287,Female,18,1,Applied Psychology,Not employed,8.45,3.7,3.6,7.9,2,1.0,5.0,2.0,4.0,2.0,1.0,1.0,3.0,3.0,1.0,3.0,5.0,2.0,4.0,2.0,4.0,5.0,4.0,5.0,4.0,2.0,1.0,1.0,2.0,4.0,1.0,5.0,1.5,1.8333333333333333,3.2,4.4,1.5
288,Female,20,5,Applied Psychology,Not employed,7.5,7.0,4.4,5.5,3,5.0,2.0,4.0,2.0,5.0,5.0,4.0,4.0,5.0,3.0,1.0,2.0,2.0,1.0,2.0,1.0,4.0,2.0,2.0,2.0,5.0,5.0,4.0,5.0,2.0,5.0,3.0,4.25,4.333333333333333,1.6,2.2,4.75
289,Female,23,1,Applied Psychology,Not employed,8.4,5.1,3.2,6.6,3,3.0,3.0,3.0,4.0,2.0,3.0,2.0,4.0,4.0,5.0,4.0,5.0,4.0,4.0,5.0,4.0,3.0,4.0,4.0,3.0,2.0,3.0,3.0,1.0,5.0,2.0,3.0,2.75,3.3333333333333335,4.4,3.6,2.25
290,Male,23,5,Applied Psychology,Not employed,8.45,6.9,2.8,7.3,2,3.0,2.0,3.0,3.0,,3.0,3.0,2.0,3.0,2.0,2.0,2.0,,2.0,2.0,3.0,3.0,2.0,2.0,3.0,2.0,1.0,3.0,2.0,4.0,4.0,2.0,3.25,2.6,2.0,2.6,2.0
291,Female,23,4,Applied Psychology,Not employed,7.99,5.6,3.2,6.5,2,2.0,3.0,2.0,4.0,2.0,3.0,5.0,3.0,4.0,4.0,4.0,4.0,3.0,4.0,4.0,5.0,4.0,5.0,4.0,5.0,2.0,1.0,2.0,3.0,5.0,5.0,3.0,2.25,3.5,3.8,4.6,2.0
292,Male,23,3,Psychology,Part-time,7.46,6.2,1.4,6.0,3,2.0,1.0,4.0,2.0,,2.0,2.0,2.0,3.0,2.0,4.0,4.0,4.0,5.0,5.0,4.0,5.0,5.0,4.0,4.0,4.0,3.0,3.0,3.0,3.0,4.0,3.0,3.75,2.2,4.4,4.4,3.25
293,Female,22,4,Psychology,Part-time,7.34,6.2,2.1,5.2,2,4.0,2.0,1.0,1.0,5.0,4.0,5.0,5.0,5.0,5.0,3.0,2.0,1.0,3.0,3.0,2.0,2.0,2.0,1.0,1.0,5.0,2.0,2.0,3.0,1.0,4.0,1.0,3.5,4.833333333333333,2.4,1.6,3.0
294,Male,22,1,Applied Psychology,Part-time,7.32,5.0,2.7,6.9,5,4.0,2.0,5.0,2.0,2.0,4.0,4.0,5.0,4.0,4.0,1.0,1.0,1.0,1.0,1.0,2.0,2.0,3.0,3.0,2.0,4.0,5.0,4.0,4.0,1.0,1.0,1.0,4.25,3.8333333333333335,1.0,2.4,4.25
295,Male,21,4,Applied Psychology,Not employed,8.36,4.1,4.8,6.0,1,5.0,2.0,5.0,2.0,3.0,3.0,4.0,5.0,3.0,4.0,1.0,1.0,1.0,1.0,1.0,1.0,2.0,1.0,1.0,2.0,5.0,5.0,5.0,,1.0,3.0,1.0,4.5,3.6666666666666665,1.0,1.4,5.0
296,Male,18,3,Psychology,Not employed,7.97,6.9,1.5,4.6,1,3.0,2.0,5.0,3.0,3.0,5.0,3.0,5.0,3.0,4.0,3.0,5.0,3.0,4.0,3.0,3.0,2.0,1.0,,2.0,4.0,3.0,4.0,4.0,3.0,4.0,1.0,3.75,3.8333333333333335,3.6,2.0,3.75
297,Female,22,2,Applied Psychology,Not employed,7.84,6.7,2.1,7.5,1,3.0,4.0,4.0,4.0,2.0,2.0,3.0,2.0,3.0,3.0,3.0,5.0,3.0,4.0,4.0,5.0,4.0,4.0,4.0,3.0,2.0,2.0,3.0,5.0,4.0,4.0,5.0,2.75,2.5,3.8,4.0,3.0
298,Female,23,3,Applied Psychology,Part-time,8.96,8.1,3.3,6.0,2,4.0,1.0,4.0,3.0,5.0,3.0,5.0,5.0,5.0,,3.0,3.0,,2.0,1.0,2.0,2.0,1.0,1.0,3.0,,5.0,5.0,5.0,2.0,4.0,3.0,4.0,4.6,2.25,1.8,5.0
299,Male,22,3,Social Sciences,Not employed,7.51,5.8,3.4,6.9,3,3.0,4.0,5.0,3.0,2.0,2.0,1.0,3.0,3.0,4.0,2.0,2.0,3.0,2.0,2.0,1.0,3.0,3.0,2.0,1.0,4.0,3.0,4.0,4.0,1.0,4.0,2.0,3.25,2.5,2.2,2.0,3.75
300,Female,21,4,Applied Psychology,Not employed,8.36,4.1,1.4,7.9,2,1.0,5.0,,5.0,1.0,1.0,1.0,1.0,3.0,1.0,3.0,2.0,1.0,1.0,3.0,5.0,5.0,5.0,5.0,5.0,2.0,1.0,1.0,1.0,3.0,4.0,5.0,1.0,1.3333333333333333,2.0,5.0,1.25
